Restaurant ID,Restaurant Name,City,Cuisines,Predicted rating
7305048,Quiosque Chopp Brahma,Rio de Janeiro,"Bar Food, Brazilian",4.47
17793744,Los Agaves,Davenport,Mexican,4.22
6701419,Divino Fog??o,S??o Paulo,"Brazilian, Mineira",4.17
6710645,Cantinho da Gula,S??o Paulo,Brazilian,4.16
6703956,Super Grill,S??o Paulo,Brazilian,4.13
18453427,Frick's Tap,Davenport,"American, Bar Food, BBQ",4.07
18336213,Nando's,New Delhi,"Portuguese, African",3.81
18273002,Damascena Coffee House,Birmingham,"Greek, Mediterranean, Middle Eastern",3.77
18430587,Malt n Brew,Noida,"North Indian, Continental, Chinese",3.72
18435830,Habibi Express,New Delhi,"Lebanese, Arabian, Moroccan",3.71
18446394,UFO,New Delhi,"Fast Food, Street Food, Beverages",3.7
18408052,Old Kheer Shop,New Delhi,Desserts,3.7
18441707,Courtyard Grill - Courtyard by Marriott,Gurgaon,"Chinese, North Indian, Italian",3.69
18358665,Coffee Shop,New Delhi,"Cafe, North Indian, Continental",3.67
18491935,Nosh Mahal,Pocatello,"Indian, Persian",3.65
18466399,ATM Bistro,New Delhi,European,3.64
18412860,Chaayos,Gurgaon,"Cafe, Tea",3.64
301581,Coffee Shop - Centaur Hotel,New Delhi,Cafe,3.64
18465571,Smoke Trailer Grill,New Delhi,American,3.64
308963,TcozY,Faridabad,Cafe,3.63
18409187,Kettle & Kegs,Gurgaon,Tea,3.62
18311930,Cuisine,New Delhi,"North Indian, Mughlai, Chinese",3.62
6600060,Sandubas Caf??,Bras?_lia,"Brazilian, Cafe",3.61
18381675,Pizza Hut,Noida,"Italian, Pizza, Fast Food",3.6
18308432,Anwar Food Corner,New Delhi,Mughlai,3.6
18466740,K2 Multi Cuisine Restaurant,New Delhi,"North Indian, Mughlai, Nepalese, Tibetan, Korean",3.59
18356801,Baskin Robbins,Noida,Ice Cream,3.58
18337908,Moets Curry Pot,New Delhi,"North Indian, Chinese, Italian",3.57
304954,Bhagat Ji,New Delhi,Fast Food,3.57
18382583,Makers & Bakers,New Delhi,"Bakery, Desserts",3.57
18208922,Ameer Sweets House,New Delhi,"Mithai, Street Food",3.56
311546,Shree Rathnam,New Delhi,"South Indian, North Indian, Chinese",3.55
18333489,Meghraj & Sons,New Delhi,"Street Food, Mithai",3.55
18463985,RAM-G Samose Wale,New Delhi,Street Food,3.54
18464621,Om Ji Bhature Wale,New Delhi,Street Food,3.54
18124375,Queen's Way,New Delhi,"North Indian, Mughlai",3.54
18400737,Hangout Kathi Rolls,New Delhi,Fast Food,3.53
312688,Bake Your Dreamz,Faridabad,"Bakery, Desserts",3.53
18485936,Chez Jerome - Q Cafe,New Delhi,"Cafe, French",3.52
18424880,KFC,Noida,"American, Fast Food, Burger",3.52
18466395,Annapurna Chaat & Sweets,New Delhi,Street Food,3.52
18317483,Viceroy - The Coffee Shop,New Delhi,Cafe,3.52
18469965,Pho King Awesome,New Delhi,Asian,3.51
18241538,Bikaneri Sweets & Restaurant,Faridabad,"Mithai, North Indian",3.5
18419884,Test Restaruants for Medio,New Delhi,"Chinese, Lucknowi",3.5
18458647,Pind Balluchi,New Delhi,"North Indian, Mughlai",3.5
18466937,The BBQ Garden,Faridabad,"North Indian, Seafood",3.5
18415386,Aqua Grill - Pride Plaza Hotel,New Delhi,"Continental, North Indian",3.5
311468,Mauja Hi Mauja,New Delhi,Street Food,3.49
18424873,Baskin Robbins,Noida,Ice Cream,3.49
18412904,Kettle & Kegs,New Delhi,Tea,3.49
18273628,Invitation,Faridabad,North Indian,3.49
18349897,Golden Bakery,New Delhi,Bakery,3.48
18449620,Elements - Mapple Express,New Delhi,"North Indian, Continental, Chinese",3.48
18294392,Kafe @ Museum,New Delhi,"North Indian, Continental",3.48
18336488,Hotel Maidah,New Delhi,"North Indian, Mughlai",3.48
18427201,F Marquee,New Delhi,"North Indian, Chinese, Continental",3.47
18425782,Crazy Noodles,Noida,"Chinese, Thai",3.47
18424874,Dunkin' Donuts,Noida,"Burger, Desserts, Fast Food",3.47
18425711,Ratan Singh,New Delhi,Mithai,3.46
18438321,Moonlight Cafe,Noida,"Continental, Fast Food, Italian",3.46
18356812,The Sweet Spot,New Delhi,Bakery,3.46
309368,Silver,Faridabad,"North Indian, Chinese, Continental",3.45
18414481,Kettle & Kegs,New Delhi,Tea,3.45
301519,Shalimar Food,New Delhi,Street Food,3.45
311821,The Twisted Bakery,New Delhi,"Bakery, Desserts",3.45
18430878,Navab's,Noida,"North Indian, Chinese",3.44
18391757,Good Luck Cafe,New Delhi,Ice Cream,3.44
18439522,The Big Buddha Grill,Noida,"Cafe, Mexican",3.44
18345380,Old Delhi Food Factory,New Delhi,Mughlai,3.44
18462596,Lala Chaap Corner,New Delhi,Fast Food,3.44
18337883,Tpot,Gurgaon,Cafe,3.44
18375378,Welcome Family Restaurant,New Delhi,"North Indian, South Indian",3.43
18429644,Satguru Tiffin Service,New Delhi,North Indian,3.43
18153555,Chick N Grills,New Delhi,"Mughlai, Fast Food",3.43
18277185,Kayasth Cuisine,New Delhi,Mughlai,3.43
18426904,Preet Fast Foods,New Delhi,Street Food,3.43
18420653,Tawa King,New Delhi,North Indian,3.43
18472665,Behrouz Biryani,New Delhi,Biryani,3.43
18430870,Tea Trails,Noida,Cafe,3.42
18472648,Eywa by Saby @ Celeste,New Delhi,Cafe,3.42
18486847,Chill House Kafe,New Delhi,Cafe,3.42
310320,Chocolangels,New Delhi,"Bakery, Desserts",3.41
18360957,ToLoveFromLove,New Delhi,"Bakery, Desserts",3.41
18416877,Da Pizza Palace,New Delhi,Pizza,3.41
18323603,Cocoalicious Delights,New Delhi,"Bakery, Desserts",3.41
18446483,Karim's,New Delhi,"Mughlai, North Indian",3.41
18245296,Crazylicious Cakes N Desserts,New Delhi,"Bakery, Desserts",3.41
18057803,Buzybee,New Delhi,"Bakery, Desserts",3.41
312446,Chokoreto - The Cake Design Studio,New Delhi,"Bakery, Desserts",3.41
18464648,Kith N Kin Cafeteria,New Delhi,"Chinese, North Indian",3.41
18464629,Lazeez Rasoi,New Delhi,"Chinese, North Indian",3.41
308704,Choco Kraft,New Delhi,"Bakery, Desserts",3.4
18432553,The Pork Shop,New Delhi,Chinese,3.4
18361932,Cake Point,New Delhi,"Bakery, Desserts",3.4
18433897,Berco's,New Delhi,"Chinese, Thai",3.4
18492957,Little Cup Cake,New Delhi,"Bakery, Desserts",3.4
18408050,Fish Point,New Delhi,North Indian,3.4
18344478,Aravali Owls,Faridabad,"North Indian, Chinese",3.4
18335692,Xpert Bakers,New Delhi,Bakery,3.39
18431158,Chocolate Fountain,Noida,Desserts,3.39
18473378,Hide Out Cafe,New Delhi,"Cafe, Chinese, Italian",3.39
304972,Snacks Point,New Delhi,Fast Food,3.39
18469974,Ovenstory Pizza,New Delhi,"Pizza, Fast Food",3.39
18435322,Red Rose Restaurant,New Delhi,Fast Food,3.39
18471314,Me and My Cake,New Delhi,"Bakery, Desserts",3.38
18432109,Mr. Gold,New Delhi,"Bakery, Desserts",3.38
18428504,The Hangout-Deli,Noida,"Continental, Lebanese, Mexican",3.38
18430894,Sweet Bakes,New Delhi,"Bakery, Desserts",3.38
305810,Gupta's Food Point,New Delhi,North Indian,3.38
18231390,Chocolics,New Delhi,"Bakery, Desserts",3.38
305402,Dessert Carte,New Delhi,"Bakery, Desserts",3.38
18378861,Preechen,New Delhi,"North Indian, Fast Food",3.38
18464628,Barista,Gurgaon,Cafe,3.38
18449640,Shree Krishna Dhaba,New Delhi,"North Indian, South Indian",3.38
18464627,Jnm Mama Mafia,New Delhi,Fast Food,3.37
18366006,Standard Pastry Shop,New Delhi,"Bakery, Fast Food",3.37
18464625,China Kitchen,New Delhi,"Chinese, North Eastern",3.37
18395538,Matthi Wala,New Delhi,"Mithai, Street Food",3.37
18480389,Fritrolla,Faridabad,Desserts,3.37
18445804,Sikka Chinese Fast Food,New Delhi,"Chinese, Fast Food",3.37
18337885,Tpot,New Delhi,Cafe,3.37
18353030,Oh My!,Faridabad,"Chinese, Fast Food",3.37
18441539,Boozer's,Gurgaon,"Finger Food, North Indian, Chinese",3.37
18409218,Da Pizza Corner,New Delhi,"Fast Food, Pizza",3.37
312560,Cake Innovation,Gurgaon,"Bakery, Desserts",3.37
307560,Creambell & Chocoxess,New Delhi,"Ice Cream, Desserts",3.37
18424872,Joost Juice Bar,Noida,Beverages,3.37
18349251,Prelibato,Faridabad,"Italian, North Indian",3.36
18424179,Mother's Kitchen,Faridabad,"North Indian, Chinese",3.36
18435326,D-Food,New Delhi,"Chinese, Fast Food, Bakery",3.36
18288623,Fry Centre,New Delhi,North Indian,3.36
18408045,Encounter,New Delhi,"North Indian, Finger Food",3.36
18380284,The Dark Hour - Kitchen,Faridabad,Italian,3.36
18458335,Tanishk Gourmet Indian,Gurgaon,"North Indian, Mughlai, Seafood",3.36
18363089,Chill Out,New Delhi,Ice Cream,3.36
18463995,Papa Buns,New Delhi,Cafe,3.36
18355275,Hungry Folks Food Corner,New Delhi,"Fast Food, North Indian, Chinese",3.36
18446391,Intermission,New Delhi,"Bakery, Fast Food",3.36
18439530,Foodhall,New Delhi,"Bakery, Italian, Chinese, Mexican",3.36
18396684,Al Naseem Foods Shawarma,New Delhi,Fast Food,3.36
18472609,Crispers,New Delhi,"Fast Food, Beverages",3.36
18465871,Fusion Food Corner,Faridabad,"North Indian, Chinese",3.36
18440933,Practically Perfect,New Delhi,"Bakery, Desserts",3.35
17989134,Brownies & More,New Delhi,"Bakery, Fast Food",3.35
18335897,Marwadi Khana,Gurgaon,"North Indian, Rajasthani",3.35
5935,Nukkadwala,Gurgaon,"Fast Food, Street Food",3.35
18435789,Al Fanoos,Gurgaon,"Afghani, North Indian",3.35
18423112,Johny's Vada Pav,New Delhi,Street Food,3.35
18491227,Panchratna Thali,New Delhi,"North Indian, Rajasthani, Gujarati",3.35
18025089,FNV,New Delhi,"North Indian, Chinese",3.35
300582,Sea Lord,New Delhi,"North Indian, South Indian",3.35
18481309,Spezia Deliveries,New Delhi,"North Indian, Continental, Chinese",3.35
312357,Hook Up,New Delhi,"North Indian, Continental",3.35
18458655,Singh Chinese Fast Food,New Delhi,Chinese,3.35
18382336,Dolce Gelato,Noida,"Ice Cream, Beverages, Fast Food",3.35
18294253,The Baking Treats N More,Faridabad,Bakery,3.34
18454468,Lahori Food,New Delhi,North Indian,3.34
18372315,South Gate,New Delhi,"North Indian, Chinese",3.34
18391691,Yummy Mummy @ Delhi,New Delhi,"Bengali, North Indian",3.34
18380361,Shree Hari Vaishnav Dhaba,New Delhi,North Indian,3.34
18292467,Anupam Jalpan,New Delhi,North Indian,3.34
18244229,The Big Scoop,Ghaziabad,Ice Cream,3.34
18466396,Dessi Food,New Delhi,Street Food,3.34
18400739,Balaji Dhaba,New Delhi,North Indian,3.34
18438429,Mashoor Gulati,New Delhi,North Indian,3.34
18345740,Aravalli Owls,Faridabad,"North Indian, Chinese, Mughlai",3.33
18014151,Shri Bikaner Sweets & Restaurant,New Delhi,"North Indian, Chinese, South Indian",3.33
17977757,Coffee to Cocktail Bar - Hyatt Place,Gurgaon,Drinks Only,3.33
18382047,Colours of Biryani,New Delhi,Mughlai,3.33
18416310,Wild Chef House,Noida,"Continental, Chinese, North Indian, Indian",3.33
18294257,Chilli Chinese,New Delhi,Chinese,3.33
18432652,Delhi Food Adda,New Delhi,"Chinese, North Indian",3.33
18345506,Hilal Hotel Nihari,New Delhi,Mughlai,3.33
313012,Pizza Day,New Delhi,"Pizza, Fast Food",3.33
7601,Lokenath Sweets,New Delhi,Mithai,3.33
18481320,Food Nation,New Delhi,"North Indian, Chinese",3.33
18433315,Garam Masala,Faridabad,"North Indian, Chinese",3.33
18432170,Goodies- Snacks N More,New Delhi,"Fast Food, Chinese",3.33
18472682,Maharba Chicken Point,Noida,"North Indian, Mughlai",3.33
18414502,Hyderabad's Delight,New Delhi,"Hyderabadi, Biryani",3.33
18464626,Sweet Ginger Bakery,Gurgaon,Bakery,3.33
18396190,Waikiki,New Delhi,"Chinese, North Indian",3.33
18492050,Al-Malik Chicken Point,New Delhi,"North Indian, Mughlai",3.33
9599,Punjab Sweets,New Delhi,"Mithai, Street Food",3.33
18472613,Spice Studio,New Delhi,"Seafood, Mughlai, North Indian",3.33
18463978,Lucky Corner Shop,New Delhi,Fast Food,3.33
18124390,Shri Radhe,New Delhi,North Indian,3.33
18425158,Chowringhee,New Delhi,Fast Food,3.33
18352209,Ichak Dana,New Delhi,"North Indian, Awadhi",3.33
18471239,Da Pizza Farm,New Delhi,Italian,3.33
18361522,Punjabi Chaap Corner,New Delhi,"Fast Food, North Indian",3.33
18291208,Laziz Foods,New Delhi,"Mughlai, North Indian",3.33
18394443,Bakermania,New Delhi,"Bakery, Fast Food",3.33
18477319,Total Food Court,Faridabad,"North Indian, Mughlai, Chinese",3.33
18432933,Food Station,Faridabad,"North Indian, Mughlai, Chinese",3.33
18456744,Arabian & Turkish Caf??,New Delhi,"Turkish, Arabian, Moroccan, Lebanese",3.33
304573,Chinese Corner,New Delhi,"Fast Food, Chinese",3.32
311544,The Cake Affairs,New Delhi,"Bakery, Desserts",3.32
18424581,The Feast Box,Noida,"Chinese, Thai, Fast Food",3.32
18446428,KitchenYard,Faridabad,North Indian,3.32
18481294,Krishna Juice & Shakes Corner,New Delhi,Juices,3.32
18472663,Faaso's,New Delhi,"North Indian, Fast Food",3.32
18464003,Eggzellent,Gurgaon,Fast Food,3.32
18361770,Dosa Junction,New Delhi,South Indian,3.32
18358182,Jeet Pizza,New Delhi,"Pizza, Fast Food",3.32
18492052,Amul Sweets & Bakery,New Delhi,"North Indian, South Indian, Chinese, Fast Food, Bakery, Mithai",3.32
18357561,Bigbee,New Delhi,Bakery,3.32
18313132,Costa Coffee,Gurgaon,Cafe,3.32
18383483,Handi Mitran Di,Noida,"Mughlai, North Indian, Chinese",3.32
18466422,Playboy Club,New Delhi,Finger Food,3.32
18466410,Delhi Chaat Bhandar,New Delhi,Street Food,3.32
18435330,Chowringhee,New Delhi,Fast Food,3.31
18180048,The Kitchen Factory,Noida,"North Indian, Chinese",3.31
18467388,Manami Japanese Restaurant,New Delhi,Japanese,3.31
18206818,Kumar Sweet House,New Delhi,"Mithai, Street Food",3.31
18292478,Dolce Gelato,New Delhi,Ice Cream,3.31
18397709,Iqbal's Mughal Cuisine,New Delhi,"North Indian, Mughlai",3.31
18492527,Taj Chicken Point,New Delhi,"North Indian, Mughlai",3.31
18435290,Keventers,New Delhi,Beverages,3.31
18460925,The Square Meal,New Delhi,"North Indian, South Indian, Chinese",3.31
18486842,Cafe Coffee Day,New Delhi,Cafe,3.31
18466397,The Corporate Kitchen,Noida,"North Indian, Chinese",3.31
18312598,Viya Cupcakery,New Delhi,"Bakery, Desserts",3.31
18208893,Top Food,Noida,"North Indian, Chinese",3.31
18478971,NS Punjabi Swad,Noida,"North Indian, Chinese",3.31
18317473,Curzon - The Royal Bar,New Delhi,Finger Food,3.31
18481322,Shankar Chinese Foods,New Delhi,"Chinese, Fast Food",3.31
18469659,Arunachal Bhawan,New Delhi,North Eastern,3.31
18337882,Tpot,Gurgaon,Cafe,3.31
18396192,Sweet Spells,Noida,Bakery,3.31
18400489,Mutton Mewar,Gurgaon,Rajasthani,3.3
18248970,Malhotra Bakery,New Delhi,"Bakery, Chinese",3.3
18458659,Sunrise Bakery,New Delhi,Bakery,3.3
18420424,South Indian Food Plaza,New Delhi,South Indian,3.3
18476508,Chulha,Gurgaon,"North Indian, Mughlai, Awadhi",3.3
18427209,Bombay Pao Bhaji,New Delhi,Street Food,3.3
18361745,Republic of Chicken,New Delhi,"Raw Meats, Fast Food",3.3
18381672,Cafe Coffee Day,Noida,Cafe,3.3
18482753,Tandoori Hut,Faridabad,North Indian,3.3
18261688,Al-Nawab,New Delhi,Mughlai,3.3
18427222,Heera Chicken Corner,New Delhi,Fast Food,3.3
18460325,Javed Chicken Corner,New Delhi,Mughlai,3.3
18489526,Grubhouse Cafe,New Delhi,Fast Food,3.3
18481317,Frugurpop-  ibis New Delhi,New Delhi,"Ice Cream, Desserts",3.29
308962,The Retriever,Faridabad,"North Indian, Mughlai, Chinese",3.29
18025119,Shahi Muradabadi,New Delhi,Mughlai,3.29
18414500,Tiffino Mania,New Delhi,"North Indian, Chinese, South Indian",3.29
18435307,Tandoori Tadka,New Delhi,Street Food,3.29
18418263,Fabulous Cake,New Delhi,Bakery,3.29
308110,Moji Dhaba,New Delhi,North Indian,3.29
18312585,Cafe Coffee Day,New Delhi,Cafe,3.29
18325509,Kingdom Restaurant,New Delhi,Chinese,3.29
18374418,FFC Restaurant,New Delhi,Fast Food,3.29
18439529,Lucknow Wale Kwality Kabab,Noida,"Mughlai, North Indian",3.29
18445793,Delhi 6 Cafe,New Delhi,"Chinese, South Indian",3.29
9210,Gupta Rasoi,New Delhi,North Indian,3.29
18492087,Dakshin Bistro,Gurgaon,"South Indian, Biryani",3.29
18458348,Lala Ji Sweets,New Delhi,"Mithai, Street Food",3.29
308961,Angaar,Faridabad,"North Indian, Chinese",3.29
18469682,Delhi-6 The Chicken Planet,New Delhi,"Biryani, Mughlai",3.29
18491638,Chennai Dosa Xpress,New Delhi,South Indian,3.29
18454520,Choc-oholic,New Delhi,Desserts,3.29
18214206,Ganga Food Factory,New Delhi,"Bakery, Fast Food",3.29
18469838,The Friends Cafe,New Delhi,"Chinese, Italian",3.29
18452241,Moriarty Delivers,New Delhi,Fast Food,3.29
18427231,ChocoLite,New Delhi,"Bakery, Desserts, Healthy Food",3.29
18478997,Sidhi Cafe,New Delhi,"Street Food, Fast Food",3.29
18419682,Yaadgaar,New Delhi,"Fast Food, North Indian",3.29
304160,Grover Sweets Rajouri Wala,New Delhi,"Mithai, Street Food",3.28
18313141,Cafe Coffee Day,New Delhi,Cafe,3.28
18463962,Roasted - Roseate,New Delhi,"Cafe, Bakery",3.28
18428622,D Brown Affairs,New Delhi,"Bakery, Desserts",3.28
18416831,Safdarjung Club,New Delhi,"Chinese, North Indian, Fast Food, Street Food",3.28
18363044,Bikaner Sweets Chaat cafe,New Delhi,"Mithai, Street Food",3.28
18428216,Amar Bakery,New Delhi,"Bakery, Desserts, Fast Food, Mithai",3.28
18291236,Rocket Food,Noida,North Indian,3.28
18451144,Tummyy Tull,New Delhi,Fast Food,3.28
308853,KG Confectionery and Pastry Shop,New Delhi,"Bakery, Desserts",3.28
18431152,Cafe' Wow,Noida,Fast Food,3.28
18471268,Baskin Robbin,Faridabad,Desserts,3.28
18292465,R.P.W Pizza,New Delhi,Pizza,3.28
18466971,Cafe Coffee Day,New Delhi,Cafe,3.28
18474567,Chick Fish Point,New Delhi,North Indian,3.28
18425161,Chicken King,New Delhi,Mughlai,3.28
18462603,Ashoka Snacks Corner,Gurgaon,"Street Food, Chinese, North Indian",3.28
18440160,Chawla Chik Inn,New Delhi,"North Indian, Mughlai",3.28
18331598,Sher-e-Punjab,New Delhi,"North Indian, Chinese, Fast Food",3.28
18425740,Food Corner,New Delhi,North Indian,3.28
18203154,Red Chili Potato,New Delhi,Chinese,3.28
18458658,Kamal Chicken,New Delhi,"Mughlai, North Indian",3.28
18361743,Amul Ice-Cream Parlour,New Delhi,Ice Cream,3.28
18431175,Urban Patty House,New Delhi,Fast Food,3.28
17977786,Snacks and More,New Delhi,Fast Food,3.28
18340217,Cheffy's,Gurgaon,"North Indian, Mughlai",3.27
18448390,Chaiwaalas,Noida,"Fast Food, Beverages",3.27
18358162,Laziz Chinese Fast Food,New Delhi,Chinese,3.27
18355117,Al- Laziz,New Delhi,Mughlai,3.27
18358207,Flavours Kitchen,New Delhi,"North Indian, Chinese",3.27
18383432,HoG - House of Goodies,New Delhi,"Bakery, Desserts",3.27
18388132,TiffinToons,New Delhi,"North Indian, South Indian",3.27
18319512,Sugar Ruffles,Noida,Bakery,3.27
18292472,Rajdhani Restaurant,New Delhi,North Indian,3.27
7793,Cafe Corner,New Delhi,Fast Food,3.27
18387305,Zaika Tiffin Center,Noida,"North Indian, South Indian",3.27
18458301,Punjab Patiyala Sahi,New Delhi,"Mughlai, North Indian",3.26
18472605,Hot Kathi Roll,New Delhi,Fast Food,3.26
18492025,Bikaner Sweets,New Delhi,"Mithai, North Indian, South Indian, Chinese, Street Food, Bakery",3.26
18458638,Department of Food and Social Affair,Gurgaon,Fast Food,3.26
18449629,Giani,New Delhi,"Ice Cream, Desserts",3.26
18486862,Baskin Robbins,New Delhi,Ice Cream,3.26
18418229,Shi Cafe,New Delhi,"Cafe, Mexican, Continental",3.26
18337762,Royal Cakes,New Delhi,Bakery,3.26
18489535,Night Diner,New Delhi,North Indian,3.26
18424675,Choco Bee,Noida,"Bakery, Desserts",3.26
18034074,Yo! Dimsum,Gurgaon,"Fast Food, Chinese",3.26
18464637,Spices Affair,New Delhi,"North Indian, Mughlai",3.26
18485789,Burger Xpress,Gurgaon,Fast Food,3.26
18453049,Ganpati Bhoj,New Delhi,North Indian,3.26
18445361,Veg Food Express,New Delhi,North Indian,3.26
18390082,Aunty's Kitchen,New Delhi,North Indian,3.26
5450,Parantha Point,New Delhi,North Indian,3.26
18449638,Roll's World,New Delhi,Fast Food,3.26
7635,Kamala Fast Food & Chinese,New Delhi,"Fast Food, Chinese",3.26
18311961,Kukkuu Da Dhaba,New Delhi,North Indian,3.26
17953929,Cafe Einstein,New Delhi,"North Indian, Fast Food",3.26
18463608,Mr. Sub,New Delhi,Fast Food,3.26
18421050,Cafe Brewbug,New Delhi,"Fast Food, Beverages",3.25
18377887,Chilll House Kafe,New Delhi,Cafe,3.25
18425182,Wrapss,New Delhi,"Chinese, Fast Food",3.25
18340302,Cake Point,New Delhi,"Bakery, Desserts",3.25
18245285,Chaat King,New Delhi,"Street Food, Fast Food",3.25
18364336,Cherry Berry,New Delhi,"Bakery, Desserts",3.25
18424867,Hot Pot,New Delhi,Chinese,3.25
18361206,Punjabi Flavour,New Delhi,North Indian,3.25
18427212,"34, Chowringhee Lane",New Delhi,"Fast Food, Mughlai, Armenian",3.25
18493572,Gluten Free by Deepika,New Delhi,"Bakery, Healthy Food",3.25
18459896,Pihu's Cafe,Noida,Fast Food,3.25
18331664,Home Kitchen,New Delhi,"North Indian, South Indian",3.25
18348609,Lassilo,Noida,Fast Food,3.25
18425318,Cake Knighter,New Delhi,Bakery,3.25
18499026,Delicious Cake,New Delhi,Bakery,3.25
18486776,Chandu Chat Bhandar,Noida,Street Food,3.25
18384143,Mitra Da Dhabha,New Delhi,"Mughlai, North Indian",3.25
18254314,Sarfira,Noida,Fast Food,3.25
305025,Cafexpress,New Delhi,Beverages,3.25
310692,Buena Tierra,New Delhi,Bakery,3.25
18428721,Snazzy Delights,New Delhi,Bakery,3.25
18377587,Hungro,Noida,"North Indian, South Indian",3.25
18446482,Konetto Pizza,Gurgaon,Pizza,3.25
18466972,HTW Bakers,New Delhi,"Bakery, Desserts",3.25
18424593,Chatkara,New Delhi,Street Food,3.25
18474418,The AB's Kitchen,New Delhi,"Chinese, North Indian",3.25
18445798,Tibb's Frankie,New Delhi,Fast Food,3.25
18412868,Swag Cafe,New Delhi,"North Indian, Chinese, Fast Food",3.25
18451605,Delhi-27,New Delhi,"Chinese, South Indian",3.25
18441532,Celebration Family Restaurant,New Delhi,"North Indian, Chinese",3.25
18377897,Rupa Ice Cream Parlour,New Delhi,Desserts,3.25
18261146,Hind Bakery & Chinese Fast Food,New Delhi,Fast Food,3.24
18431125,Kitchen199,New Delhi,"North Indian, Chinese",3.24
18456271,Ice Stone Cafe,Noida,Desserts,3.24
18492641,Ronny Flavours,Gurgaon,"Fast Food, Beverages",3.24
18396418,Cake Spot,New Delhi,"Bakery, Fast Food",3.24
18435332,Bikaner Sweets & Restaurant,New Delhi,"Mithai, Street Food, North Indian",3.24
18261162,Lotus House Restaurant,New Delhi,"Tibetan, Chinese",3.24
18446867,Swiss Gourmessa,New Delhi,Bakery,3.24
18492029,Aap Ki Khatir,New Delhi,"Mughlai, North Indian",3.24
18475283,Kashmiri Hills Wazwan,New Delhi,Kashmiri,3.24
18365871,Brick Station,New Delhi,Cafe,3.24
18472599,Sardar Ji Chicken Corner,New Delhi,"Mughlai, North Indian",3.24
18279459,BiBo's Kitchen,Gurgaon,"Bengali, North Indian",3.24
18424625,Kathi Junction,New Delhi,Fast Food,3.24
18291232,Unique Pastry,New Delhi,"Bakery, Desserts",3.24
18460087,Snacks Parties,Noida,"Fast Food, Street Food",3.24
18439721,Chef's Basket Pop Up Caf??,Noida,"Italian, Chinese",3.24
18124387,The Breakfast Bite,Gurgaon,"North Indian, South Indian",3.24
18466414,Cafe Coffee Day,Gurgaon,Cafe,3.24
18432664,Luncheon Box,Gurgaon,North Indian,3.24
18368023,Guru Om Vanna,New Delhi,Street Food,3.24
18457856,Food Town,Noida,"Chinese, North Indian, South Indian",3.24
18347812,Teedo's Cake Inn,New Delhi,"Cafe, Bakery",3.24
18263500,Mamta Tiffin Service,Gurgaon,North Indian,3.24
301461,Airborne,Noida,"North Indian, Chinese, Continental, Mughlai",3.24
18419886,Chicken Biryani Centre,New Delhi,Biryani,3.24
18456765,Balaji Restaurant & Sweets,Noida,South Indian,3.24
18311952,Costa Coffee,Gurgaon,Cafe,3.24
18469972,Cafe Coffee Day,Gurgaon,Cafe,3.24
18496493,Starup Catering,New Delhi,"Chinese, Mughlai, North Indian",3.24
18460414,Starve Stalkers,New Delhi,"Italian, Fast Food",3.24
18336478,Hang Out,New Delhi,"Italian, Continental, Fast Food, North Indian",3.24
18476498,Honey Hot & Spicy,Gurgaon,"North Indian, Chinese",3.24
18485826,Sushma Homemade Tiffin,Noida,"North Indian, South Indian",3.24
18363216,Mulligan Cafe,New Delhi,"South Indian, Fast Food",3.24
18499452,Good Food,Gurgaon,Healthy Food,3.24
18289277,Cookfresh,New Delhi,Asian,3.24
18474934,Chai Garam,New Delhi,"Tea, Fast Food",3.24
18447121,Chinese Chilli Sizllers,Gurgaon,Chinese,3.24
9879,Gulati Food Corner,New Delhi,Chinese,3.23
18455876,OCD - Online Cake Delivery,New Delhi,"Bakery, Desserts",3.23
18449634,Peshawari Mehel,New Delhi,North Indian,3.23
18464633,Aap Ki Khatir,New Delhi,North Indian,3.23
18034037,Green Chick Chop,New Delhi,"Raw Meats, North Indian, Fast Food",3.23
312192,Chinese Food Corner,Noida,Chinese,3.23
18375411,Maharaja Food Club,New Delhi,North Indian,3.23
18425177,Aazad Chicken Corner,New Delhi,"Biryani, Mughlai",3.23
18456342,Mitalis Kitchen,Ghaziabad,North Indian,3.23
18432025,Fusionn Rolls,Noida,Chinese,3.23
18412897,Kettle & Kegs,Noida,Tea,3.23
18478565,Green Restaurant,Noida,"Chinese, North Indian",3.23
18349808,Midnight Foodies,Noida,"Burger, Fast Food",3.23
18349915,High On Tea,Gurgaon,"Cafe, Tea",3.23
18358667,Mahinder Food Corner,New Delhi,"North Indian, Street Food",3.23
18445784,Nirvana The Divine Kitchen,New Delhi,"North Indian, Chinese",3.23
18261956,Goldy Chat Bhandar,New Delhi,Street Food,3.23
18438424,Dunkin' Donuts,New Delhi,"Burger, Desserts, Fast Food",3.23
18385727,OCD - Online Cake Delivery,New Delhi,"Bakery, Desserts",3.23
18425781,Govinda,New Delhi,Street Food,3.23
18431980,Jalebi Wala,New Delhi,Desserts,3.23
18482069,ANTIDOTE,Gurgaon,Beverages,3.23
18342375,Chefy's Kitchen,Gurgaon,"Biryani, Pizza, Fast Food, Healthy Food",3.23
18133515,Interaxis,Gurgaon,"Raw Meats, Fast Food",3.23
18478972,Home Cafe,Noida,"Bakery, Fast Food",3.23
18463999,Cake'ry,New Delhi,Bakery,3.23
310358,Chick Chicken House,New Delhi,"Raw Meats, Fast Food",3.23
18317498,The Butler & The Chef - Jaypee Greens,Noida,Finger Food,3.23
18445248,Chimney - The Takeaway,Gurgaon,"North Indian, South Indian, Chinese",3.22
18491387,Annapurna Caterings,Noida,North Indian,3.22
18357972,Satnaam Foods,New Delhi,North Indian,3.22
18471517,Taaj Kitchen,New Delhi,"Asian, North Indian, Mughlai",3.22
18463959,Dev Food,Noida,"North Indian, South Indian, Chinese",3.22
18371391,TCW Chaat Point,New Delhi,Street Food,3.22
304753,Baketown By Gagan Bakers,New Delhi,"Fast Food, Bakery",3.22
18481209,Cafe 59,New Delhi,"Cafe, North Eastern",3.22
18460328,Punjabi Dhaba,New Delhi,North Indian,3.22
18477541,Late Night Food,Gurgaon,"North Indian, Chinese, Fast Food",3.22
18458317,Creamy Innovation,Gurgaon,Bakery,3.22
18466412,Bollycric,Noida,"North Indian, South Indian, Chinese",3.22
18408051,Delight Food,Noida,"Italian, Chinese",3.22
18433874,Good to Go,Gurgaon,Raw Meats,3.22
18446387,Big Biryani,Noida,"Biryani, Mughlai",3.22
18500652,Mahek By Greenz,Gurgaon,North Indian,3.22
18481295,Chefoncalls,Gurgaon,North Indian,3.22
18427203,Colonel's Kebabs & Curries,New Delhi,"North Indian, Chinese, Mughlai",3.22
18180047,Swaad Restaurant,New Delhi,"North Indian, Mughlai, Chinese",3.22
18499474,Domino's Pizza,New Delhi,"Pizza, Fast Food",3.22
18368771,Right for Night,Noida,North Indian,3.22
18337906,Kake Da Dhaba,Noida,"Awadhi, North Indian",3.22
18466392,Dev Food,Noida,"North Indian, South Indian, Chinese",3.22
18492083,The Artful Baker,New Delhi,"Bakery, Fast Food",3.22
18458636,Sandoz,Noida,"North Indian, Chinese",3.22
312000,Pandit Dhaba,New Delhi,North Indian,3.22
18371430,The Gaming Vegas,Noida,Fast Food,3.22
18463329,Kaptain Bakery,New Delhi,Bakery,3.22
18470627,Big Biryani,Noida,"Biryani, Mughlai",3.22
18489823,Cafe Lounge,Noida,"Cafe, Bakery, Fast Food",3.22
18438453,Firefly,Gurgaon,North Indian,3.22
18423859,Jony Sweets,New Delhi,"Bakery, Desserts",3.22
18449652,Delhi 6 Foods,New Delhi,North Indian,3.22
18351471,Khan Foods,New Delhi,Mughlai,3.22
18358175,Costa Coffee,Gurgaon,Cafe,3.22
18384132,Fresh Food,Gurgaon,North Indian,3.22
18324806,Love Desserts,Gurgaon,Bakery,3.22
313408,Cherry Crossing Foods,Gurgaon,North Indian,3.22
18425767,Janaab,New Delhi,"Awadhi, Mughlai, North Indian",3.22
18319384,Vijeta's Happy Kitchen,Gurgaon,North Indian,3.22
18365603,Foodie Xpress,Gurgaon,North Indian,3.22
18435303,Punjabi Tandoori Tikka,New Delhi,Street Food,3.22
18393725,Cookingo,Gurgaon,"Mughlai, North Indian, Chinese",3.22
18476542,Apna Dabba,Gurgaon,North Indian,3.22
18430884,Sethi's,Noida,North Indian,3.22
18476986,Cafe #22hours,Gurgaon,"North Indian, South Indian, Chinese, Healthy Food, Bakery",3.22
18312616,Anand Sweets,New Delhi,"Mithai, Street Food",3.22
18356798,WOW Zaika,Noida,North Indian,3.22
18378580,Subhoj,Noida,"North Indian, Biryani",3.22
18424868,Food Passengers,Noida,North Indian,3.22
18409211,Twenty Four Seven,Noida,"Fast Food, North Indian",3.22
18499472,The Dhaba,Noida,North Indian,3.22
18354667,Food Cafe,New Delhi,"South Indian, North Indian, Chinese",3.21
18460330,Bhasad Cafe,New Delhi,"Fast Food, Chinese",3.21
310952,Student Corner,New Delhi,Fast Food,3.21
310988,Special Tea Point,New Delhi,"Street Food, North Indian",3.21
18352250,Afghan Indian,Gurgaon,Afghani,3.21
18481312,Nawabi Mughlai Zaika Food Van,Noida,"North Indian, Mughlai",3.21
18446491,Bikanervala,New Delhi,"North Indian, South Indian, Fast Food, Street Food, Chinese, Beverages, Desserts, Mithai",3.21
18492109,The Belgian Fries Company,New Delhi,"European, American, Street Food",3.21
18258777,My Kind Of Cafe,New Delhi,"Cafe, Continental",3.21
18452403,Food 24,New Delhi,"North Indian, Mughlai",3.21
18279461,Giani,New Delhi,"Ice Cream, Desserts",3.21
18089242,Giani,New Delhi,"Ice Cream, Desserts",3.21
18478533,Sweetcake.in,Noida,Bakery,3.21
18317481,Aces - The Card Room,New Delhi,Finger Food,3.21
18460908,The Square Meal,Noida,"North Indian, South Indian, Chinese",3.21
18485984,CHA! WA!!,New Delhi,"Fast Food, Beverages, Desserts",3.21
18317476,Lord's - The Sports Lounge,New Delhi,Finger Food,3.21
18407293,Cake N Gifts,Noida,Bakery,3.21
18217428,deliKitchen,New Delhi,"North Indian, Chinese, South Indian, Fast Food",3.21
18014115,Nidhi's Cake Lounge,New Delhi,Bakery,3.21
18444040,Szoun Chinese Food,New Delhi,Chinese,3.21
311428,Special O-cake-sions,Gurgaon,"Bakery, Desserts",3.21
18430892,McDonald's,Noida,"Desserts, Ice Cream",3.21
18317479,London Eye - The Open Lounge,New Delhi,Finger Food,3.21
18466973,Fruitpro,Gurgaon,Beverages,3.21
18264993,Food En Vouge,New Delhi,North Indian,3.21
18462609,Unique Food Hut,Gurgaon,"Fast Food, North Indian, Beverages",3.21
18445764,Shalimar Vyanjan,New Delhi,"North Indian, Chinese",3.2
18435820,Chicago Pizza,New Delhi,Pizza,3.2
18377920,Thalaiva Cafe,New Delhi,"South Indian, Chinese",3.2
7982,Shri Adarsh Kulfi,Noida,Desserts,3.2
309004,Mx Corn,New Delhi,Fast Food,3.2
18441809,OMG Kitchenz,Gurgaon,"South Indian, Street Food",3.2
18492048,Piper's & Grill - The Night Chef,New Delhi,"North Indian, Chinese, Continental",3.2
18458635,Burj Al Arab,Gurgaon,Afghani,3.2
18294237,Al-Rihan,New Delhi,Mughlai,3.2
18465093,KC Bakers,Noida,Bakery,3.2
18462605,Shama Chicken Corner,Gurgaon,Mughlai,3.2
18433864,Khan Chacha,New Delhi,"Mughlai, North Indian",3.2
304803,Annapurna Sweets Palace,New Delhi,"Mithai, Street Food",3.2
18208900,Cafe Tandoor,New Delhi,Fast Food,3.2
18399250,Deli Chic,Noida,"North Indian, Chinese",3.2
312213,Naughty 9 Kitchen & Bar,New Delhi,"North Indian, Chinese",3.2
310632,Bikaner Sweets,Gurgaon,"North Indian, Street Food, Mithai",3.2
18372314,Dee Pizza Hub,New Delhi,Pizza,3.2
18376495,Chai Garam,New Delhi,"Beverages, Fast Food",3.2
18478377,Icon Foods,Gurgaon,"North Indian, South Indian, Chinese",3.2
18359285,Shaketastic,New Delhi,Beverages,3.2
18455557,All Day 99,New Delhi,"North Indian, Chinese, South Indian",3.2
313059,RR China Tawun,New Delhi,Chinese,3.2
18489523,Le Village Pastry Shop,New Delhi,"Bakery, Fast Food",3.2
18380150,Essen Foods,Noida,"North Indian, Chinese, Mughlai",3.2
18233621,Caff?? La Poya,Noida,"Cafe, Continental, Fast Food, Italian",3.2
18500639,Chandni Chowk 2 China,Noida,"North Indian, Chinese",3.2
18451575,Majlis Foods,New Delhi,North Indian,3.2
18423116,Hardwari,New Delhi,Mithai,3.2
18361700,JD's Food Court,New Delhi,"North Indian, Chinese",3.2
308928,Sugandh Corner,New Delhi,South Indian,3.2
18448608,The Saffron Plant Restaurant,Noida,"Chinese, North Indian, Mughlai",3.19
18392883,Bake Bite,New Delhi,"Bakery, Fast Food",3.19
18312656,Shashi's China Wok,New Delhi,Chinese,3.19
18499471,Sufiya Hotel,Gurgaon,"Mughlai, North Indian",3.19
18358668,Aggarwal Sweets,New Delhi,"Street Food, Chinese",3.19
18368943,Tsopema Restaurant,New Delhi,"Tibetan, Chinese, North Indian",3.19
18392211,Foody Goody,Gurgaon,North Indian,3.19
18396431,Dhara,Gurgaon,"North Indian, Fast Food, South Indian",3.19
18437128,Chocochill,New Delhi,Desserts,3.19
18277163,Pandit Ji Ki Apni Rasoi,New Delhi,North Indian,3.19
18462588,Avon Kitchen,New Delhi,"North Indian, Mughlai, Chinese",3.19
18446398,Nirula's Ice Cream,New Delhi,"Ice Cream, Desserts",3.19
312926,Chinese Hot,New Delhi,Chinese,3.19
18279458,Sugar Rush,New Delhi,"Bakery, Mithai",3.19
18489497,Mughlai Point,New Delhi,Mughlai,3.19
310480,Bismillah Hotel,New Delhi,Fast Food,3.19
312188,Cafe Rap,Noida,Fast Food,3.19
18487016,Chillax Cafe And Bistro,New Delhi,"Cafe, Bakery",3.19
18391689,Chap Corner,New Delhi,Street Food,3.19
18398593,Hungry Folks,New Delhi,"North Indian, Chinese",3.19
18427205,34 Park Street Lane,New Delhi,Fast Food,3.19
18489530,Pakeeza Chicken Corner,New Delhi,North Indian,3.19
18380392,Mahesh Chaat Corner,New Delhi,"Chinese, Fast Food, Pizza",3.19
18486878,Shama Chicken Corner,New Delhi,Mughlai,3.19
18433871,Sri Krishna,New Delhi,Street Food,3.19
18222598,Murliwala Bakers,New Delhi,"Bakery, Fast Food",3.19
18313136,Costa Coffee,Gurgaon,Cafe,3.19
18434504,Monis Kada Hotel,New Delhi,Mughlai,3.19
18415664,Firangi Mithai,New Delhi,Bakery,3.19
5528,Anupama Restaurant,New Delhi,North Indian,3.19
18458325,VadaPav 'n' Frankie,New Delhi,Fast Food,3.19
18361208,Shama Chicken Corner,New Delhi,"Biryani, Mughlai",3.19
310198,Jo's Peace of Cake,New Delhi,"Bakery, Desserts",3.19
18368021,Himalya Chinese,New Delhi,Chinese,3.18
18431145,Radha Swami Chaat Bhandar,New Delhi,Street Food,3.18
8266,Mittal Fast Food,Faridabad,Fast Food,3.18
18440143,Shama Muradabadi Chicken Corner,New Delhi,Biryani,3.18
18479012,New Chow Maun,New Delhi,Chinese,3.18
18486857,Vaishanavi Food Store,New Delhi,"North Indian, Fast Food",3.18
18382370,iKitchen,Gurgaon,"North Indian, Chinese, Italian",3.18
18499493,Zombiez,New Delhi,"Chinese, North Indian",3.18
18435822,Mahavrer Chap Express,New Delhi,North Indian,3.18
18432194,Shakti Food & Restaurant,Noida,North Indian,3.18
18479003,Rockers & Shockers,New Delhi,"North Indian, Mughlai, Chinese",3.18
18458637,Royal Sweets,Gurgaon,"North Indian, Mithai, Chinese",3.18
18146362,Creative Food House,New Delhi,"Continental, Chinese, North Indian",3.18
18287358,Food Cloud,New Delhi,Cuisine Varies,3.18
18037821,Sweeter Delight,New Delhi,Bakery,3.18
18445274,Motu N Patlu,New Delhi,"Lebanese, North Indian, Fast Food",3.18
9517,Jagadeesh Kharodewala,New Delhi,North Indian,3.18
18472625,Tmos Cafe Corner,Faridabad,Cafe,3.18
18282015,Bikaner Sweets,New Delhi,"Chinese, Mithai",3.18
18292480,V S Cafe,New Delhi,Fast Food,3.18
18455553,Baweja's Haandi,New Delhi,North Indian,3.18
18472628,Insane Foods,New Delhi,North Indian,3.18
18371413,Casa Bake,Noida,Bakery,3.18
18336543,The Burger Hub,Gurgaon,"Burger, Fast Food, Chinese",3.18
18349764,Bansal Foods,New Delhi,North Indian,3.18
18306540,Shree Jagannath Restaurant,New Delhi,North Indian,3.18
18459030,Chatori Gali,New Delhi,Fast Food,3.18
18420428,Cheese Bitez Pizza,New Delhi,Fast Food,3.18
18464687,Choco-House Chocolatiers,New Delhi,Desserts,3.18
18224537,House Of Chocolate,New Delhi,"Desserts, Bakery",3.18
301316,Annapurna Bhojnalaya,New Delhi,North Indian,3.18
311037,Sanjha Chulah Babe Da,New Delhi,North Indian,3.18
18481289,Chaipiyoji,New Delhi,"Tea, Fast Food",3.18
18366586,The Bay Leaf,New Delhi,"Chinese, Indian",3.18
18375413,Rama Desi Ghee Meat Wala,New Delhi,North Indian,3.18
18420433,Shisha,New Delhi,Cafe,3.18
18415363,Mohanty Bakery & Confectionery,New Delhi,Bakery,3.18
18357568,Chicken Point,New Delhi,"Mughlai, North Indian",3.18
18265082,Teddy Choco Studio,Gurgaon,Desserts,3.18
18359300,Frontier,New Delhi,Bakery,3.18
18435829,Wow! Momo,New Delhi,"Chinese, Fast Food",3.18
18418276,Gulati's Takeaway,New Delhi,"North Indian, Chinese, Mughlai",3.18
18379056,Creamy Creation,New Delhi,Bakery,3.17
18408079,JMD Food Palace,New Delhi,North Indian,3.17
18128881,Bablu Chinese Food,New Delhi,Fast Food,3.17
18203187,South Indian Hut,New Delhi,South Indian,3.17
310454,Shakes Cakes 'n' More,Gurgaon,"Bakery, Desserts",3.17
18434072,Dhaba NH10,New Delhi,"North Indian, Chinese",3.17
18466389,Shahi Chicken Biryani Corner,New Delhi,Biryani,3.17
18299228,Sona Bridge Hotel,Gurgaon,Chinese,3.17
18464624,China Gathering,Gurgaon,Chinese,3.17
18446413,Shri Sai Kirpa Food,Gurgaon,North Indian,3.17
18393717,Baskin Robbins,Gurgaon,Ice Cream,3.17
18432201,Cheese Pizza,Noida,Pizza,3.17
18457050,Puran Dhaba,New Delhi,North Indian,3.17
18370535,Meatwale.com,New Delhi,"North Indian, Indian",3.17
18478963,Ralhan Eating Corner,New Delhi,North Indian,3.17
313193,Punjabi Chaap Corner,New Delhi,"Fast Food, Chinese",3.17
18396391,Metro Dhaba,Gurgaon,North Indian,3.17
6269,Krishan Sweets,New Delhi,Mithai,3.17
18425773,Anna Dosa,New Delhi,South Indian,3.17
18265712,New Sethi's,New Delhi,"Mughlai, North Indian",3.17
18440415,The Flip On Wheel,Noida,"North Indian, Fast Food",3.17
302859,Grover Eating Point,New Delhi,North Indian,3.17
18440413,Hunger's Hub,Noida,"Chinese, Fast Food",3.17
18458642,Bisht Food Court,Gurgaon,"Fast Food, Chinese",3.17
18367439,Hooting Owl Cafe,Noida,"Fast Food, Beverages",3.17
18378016,Murliwala Bakers,New Delhi,"Fast Food, Bakery",3.17
18434343,Dada Ka Dhaba,New Delhi,"North Indian, Mughlai",3.17
18441835,Friends Fast Food,New Delhi,"Chinese, Fast Food",3.17
18287398,Zaika Kathi Roll,New Delhi,Fast Food,3.17
18424863,Saras Fast Food Feast,New Delhi,"North Indian, South Indian",3.17
18500628,Grill & Cafe,Gurgaon,"Chinese, Mughlai, North Indian",3.17
18440406,Kings Kulfi,Noida,"Desserts, Ice Cream",3.17
18408066,Meatwale.com,New Delhi,"Raw Meats, North Indian",3.17
18357945,The Daily,Gurgaon,"Bakery, Fast Food",3.17
18439523,4U,Noida,"North Indian, South Indian, Chinese",3.17
18238245,Malhotra's Zayeeka,New Delhi,"North Indian, Chinese",3.17
18439527,Big B Pastry Shop,Noida,"Bakery, Fast Food",3.16
18352682,The Pack King,Gurgaon,North Indian,3.16
18499459,Veg Hut,Gurgaon,North Indian,3.16
18291229,Achoos Food Corner,Gurgaon,"South Indian, Chinese, Mughlai",3.16
18430872,Al Changezi,New Delhi,Mughlai,3.16
18265399,Kwality Walls - Happiness Station,Noida,Ice Cream,3.16
18212160,Zareen's Dastarkhwan,New Delhi,Awadhi,3.16
18429375,Sufiyan Restaurant,New Delhi,Mughlai,3.16
18409212,Chawla's 2,Noida,"North Indian, Mughlai, Chinese, Fast Food",3.16
18462257,Momo's King,New Delhi,Chinese,3.16
18396955,The Taste of Tandoor,New Delhi,North Indian,3.16
18434966,Amritsari Chaat Bhandar,New Delhi,Street Food,3.16
18440171,The Beer Cafe,Noida,North Indian,3.16
18446815,Chinese Chaat Corner,New Delhi,Chinese,3.16
18358669,Cones & Curries,New Delhi,North Indian,3.16
18288994,Hotel New Tamil Nadu,New Delhi,"South Indian, North Indian, Chinese",3.16
18466387,Raju Fast Food,New Delhi,"Street Food, Fast Food",3.16
18352172,Sindh Snacks,New Delhi,North Indian,3.16
18486830,Radhe Shyam Chole Bhature,New Delhi,Street Food,3.16
18361741,Noddy's,New Delhi,"Beverages, Desserts",3.16
8987,Ekta Restaurant,New Delhi,North Indian,3.16
18472675,Kolkatta Kathi Roll,New Delhi,"North Indian, Fast Food",3.16
18469940,Ovenstory Pizza,New Delhi,"Pizza, Fast Food",3.16
310067,Golden Chaat,Noida,Fast Food,3.16
18273597,Royal Chicken Corner,New Delhi,North Indian,3.16
18381647,Kwality Wall's Swirl's,Noida,"Ice Cream, Desserts",3.16
18429388,D Food,New Delhi,"North Indian, Street Food",3.16
18492065,Alam Biryani Center,New Delhi,Biryani,3.16
18349925,Al-Kausar's,New Delhi,Chinese,3.16
18441542,Moonis Kada,New Delhi,"Mughlai, North Indian",3.16
18354968,Let's Eat,New Delhi,"Fast Food, Beverages",3.16
18472439,Biryani Bot,New Delhi,Biryani,3.16
18479000,Shri Balaji,New Delhi,South Indian,3.16
18397698,Take Away Depot,New Delhi,"Chinese, Mughlai, North Indian",3.16
18441698,Nice Food Corner,New Delhi,Street Food,3.16
18361764,Aunty Chings Fast Food,New Delhi,Chinese,3.16
18423103,Ramlal Sweets,New Delhi,Mithai,3.16
305626,Jainco Sweets,New Delhi,Mithai,3.16
18472612,Saikutir Food,New Delhi,"North Indian, South Indian, Chinese",3.16
18449646,MK's Chinese Food,New Delhi,"Chinese, Fast Food",3.16
18401128,Aahar Meat and Chicken Shop,New Delhi,"Raw Meats, Fast Food",3.16
18222029,Rana Sweets and Restaurant,New Delhi,"North Indian, Fast Food, Mithai",3.16
18472765,Corp Kitchen,Gurgaon,"North Indian, Chinese, Continental",3.16
18458633,Noore-e-Seva,Gurgaon,"Mughlai, Biryani",3.16
18432000,GO CHATZ With Breadz,New Delhi,"Chinese, Fast Food",3.16
18291465,Fantasy Pastry Shop,New Delhi,"Bakery, Desserts",3.16
18481404,Dosa Plaza,New Delhi,"South Indian, Chinese",3.16
18423892,Fuel Diet Cafe,New Delhi,Healthy Food,3.16
18410302,The Celiac Kitchen,New Delhi,North Indian,3.15
18424905,Taste of Spice,New Delhi,North Indian,3.15
18361765,Dhaba Express,New Delhi,North Indian,3.15
18472683,Shree Vinayaga Restaurant,New Delhi,South Indian,3.15
18449661,Taste Zone,New Delhi,North Indian,3.15
18205653,Freshnfit.in,Gurgaon,Juices,3.15
18168122,Kerala Kitchen & Restaurant,New Delhi,South Indian,3.15
5463,Negi Restaurant,New Delhi,North Indian,3.15
18430902,Vrindavan Sweets,New Delhi,"South Indian, Street Food, Mithai",3.15
18421488,Kesariya Sweets,New Delhi,Mithai,3.15
18383529,Keventers,Noida,Beverages,3.15
18312586,Mohit Bakery,New Delhi,"Bakery, Fast Food",3.15
18285204,The Chinese & Thai Restaurant,New Delhi,"Chinese, Thai",3.15
18418234,Singh's,New Delhi,North Indian,3.15
18354330,Momolicious,New Delhi,Fast Food,3.15
18425148,Shri Ram Dhaba,New Delhi,North Indian,3.15
18451091,Goyal Chhole Kulche Wala,Noida,Street Food,3.15
18446486,LSK Express,New Delhi,"North Indian, Italian, Continental",3.15
18469823,Bake Bank,New Delhi,"Bakery, Desserts",3.15
18424169,Flavours Kitchen,New Delhi,"North Indian, Mughlai, Chinese",3.15
311701,The Bakery Mart,Noida,Bakery,3.15
18277324,Derawal Soda Fountain,New Delhi,Beverages,3.15
18124356,Sikkim Chinese Food,New Delhi,Chinese,3.15
18232989,Kitchen Namaste,New Delhi,"North Indian, Chinese",3.15
18427230,Modi's Baker's Zone,Noida,"Bakery, Fast Food, Chinese",3.15
18236975,Syall Kotian Da Dhaba,New Delhi,North Indian,3.15
18336472,Brown House Cafe,New Delhi,"Chinese, North Indian",3.15
18421058,V. K. Pasta,New Delhi,"Italian, Fast Food",3.15
18409216,Burger Point,Gurgaon,"Burger, Fast Food",3.15
18383464,Dilli Bakery,Noida,"Bakery, Fast Food",3.15
18246984,Turban Tadka,New Delhi,"North Indian, Fast Food",3.15
18292436,Kwality Wall's Swirl's,Gurgaon,Ice Cream,3.15
313225,Raj Petha Bhandar,New Delhi,Mithai,3.15
18441791,Chaudhary Burfi Wala,Gurgaon,"Mithai, Street Food",3.15
18432628,Aloo Bhaji Restaurant,New Delhi,North Indian,3.15
18350136,Muskan Chicken Biryani,Gurgaon,Biryani,3.15
18469976,Sam's Bake Shop,Faridabad,"Bakery, Fast Food",3.15
18462589,Baskin Robbins,New Delhi,Ice Cream,3.15
18163900,Chinese Hutt,New Delhi,"Chinese, Fast Food",3.15
18427218,Food Daddy,New Delhi,North Indian,3.15
18350567,ADM Foodi,New Delhi,North Indian,3.15
18486866,Gupta Ji Ka Dhaba,New Delhi,"North Indian, Mughlai, Armenian",3.15
18464001,Chai Mantra,New Delhi,"Fast Food, Beverages",3.15
18429842,The Burger Chef,Gurgaon,Fast Food,3.15
18398504,Aggarwal Bikaneri Sweets,New Delhi,Mithai,3.15
18424635,Somang House Restaurant,New Delhi,"Asian, Chinese",3.15
18463563,Rasoi - The Indian Zaika,New Delhi,North Indian,3.15
18261164,DZI House,New Delhi,"North Indian, Chinese, Tibetan",3.15
18312662,Dabas Ke Special Chole Bhature,New Delhi,Street Food,3.15
18424871,Wimpy Sweets And Confectioners,New Delhi,"Bakery, Mithai",3.15
18489507,Prem Jee Da Dhaba,New Delhi,North Indian,3.15
18466402,Foody Dragon,New Delhi,Chinese,3.15
18472419,Biryani Vice,Noida,"North Indian, Biryani",3.14
18471270,Chicken Darwar,New Delhi,"Fast Food, Mughlai",3.14
18393436,Chip N Dale,New Delhi,"Continental, Chinese, Fast Food",3.14
18355013,Haochi,Noida,Chinese,3.14
18415338,Kathi House,New Delhi,Fast Food,3.14
4462,Meghansh Bakery,Faridabad,"Bakery, Desserts",3.14
18371396,Cafe Coffee Day,New Delhi,Cafe,3.14
18391166,Chawla's?_,Gurgaon,"North Indian, Chinese",3.14
18411599,Tasty But Healthy,Gurgaon,"Fast Food, North Indian",3.14
18244564,Foodaholic,New Delhi,"Chinese, North Indian",3.14
1129,Republic of Chicken,New Delhi,"Raw Meats, Fast Food",3.14
18175302,7 Colours Xpress Kitchen,New Delhi,"Chinese, North Indian",3.14
17989093,South Indian Hut,New Delhi,South Indian,3.14
18429401,Just Parkash,New Delhi,Chinese,3.14
18352684,Front Food Corner,New Delhi,North Indian,3.14
18390095,Foodiez,New Delhi,Street Food,3.14
18294896,Kake Di Hatti Punjabi Khana,New Delhi,North Indian,3.14
18273067,Curry Capital - Hotel Classic Diplomat,New Delhi,"North Indian, Continental, South Indian, Chinese",3.14
18372325,Tpot,Gurgaon,Cafe,3.14
18492061,Al Hayat Bakers,New Delhi,Bakery,3.14
18391141,Burger Joint,Gurgaon,Fast Food,3.14
18425149,Krispy Kitchen,New Delhi,"Chinese, Fast Food",3.14
18435811,Al-Taj Shamim Chicken Point,New Delhi,Mughlai,3.14
18455545,Freezy,New Delhi,Ice Cream,3.14
18198821,Ram Ji Snacks & Food Corner,New Delhi,Street Food,3.14
18472678,Garam Masala,New Delhi,North Indian,3.14
18398580,The Night Owl,New Delhi,Chinese,3.14
18270343,Sky Hawk,New Delhi,"North Indian, Chinese, Continental",3.14
18361752,17 Degree Food Service,New Delhi,North Indian,3.14
18355119,Al- Sheikh,New Delhi,"Afghani, Mughlai, Chinese",3.14
18455549,Desi Kukkad,New Delhi,North Indian,3.14
18345770,Chinese Fast Food,Gurgaon,Chinese,3.14
18458641,Underground Restaurant,Gurgaon,"Chinese, North Indian",3.14
18481281,Subway,Noida,"American, Fast Food, Salad, Healthy Food",3.14
18268361,Magic Masala,New Delhi,"Chinese, South Indian, North Indian",3.14
18469933,Brajwasi,Noida,North Indian,3.14
18352220,Chocolacious by WedCraft,New Delhi,"Bakery, Desserts",3.14
18311920,Khub Chand,New Delhi,Raw Meats,3.14
18357944,Desi Bites,Gurgaon,"North Indian, Fast Food",3.14
18367078,Magical Momos,Faridabad,Chinese,3.14
18460286,RV's Family Restaurant,Noida,"North Indian, South Indian, Italian, Chinese",3.14
18418205,Chocadoodledoo,Noida,Bakery,3.14
18282004,Bengal Snacks,New Delhi,Fast Food,3.14
18441688,Madras Dosa & Chinese,New Delhi,"South Indian, Chinese",3.14
18480216,Better Butter Chicken,Noida,North Indian,3.14
18478977,Black Pepper,Noida,"North Indian, Chinese, Mughlai",3.14
18421471,Oven Fresh,New Delhi,Bakery,3.14
18381669,Metro Bar & Family Restaurant,New Delhi,"North Indian, Chinese",3.14
18249084,Dunkin' Donuts,Noida,"Burger, Desserts, Fast Food",3.14
18421469,Jyoti Sweets,New Delhi,Mithai,3.14
305140,Shivalik Tiffin Corner,Gurgaon,North Indian,3.14
18464630,Lassi Cafe,Gurgaon,North Indian,3.14
18495252,Kanha North & South Indian Veg.,Gurgaon,"North Indian, South Indian",3.14
18424632,Amritsari Naan Hut,New Delhi,North Indian,3.14
18265724,Standard Punjabi Food,New Delhi,North Indian,3.14
18432013,Street Food Corner,Noida,Chinese,3.14
18450369,Night Munchers,Noida,North Indian,3.14
18449653,Food Campus,New Delhi,North Indian,3.14
18449786,Fresh Fast Food,New Delhi,North Indian,3.14
18361779,Haryana Bhojnalaya,New Delhi,North Indian,3.14
310954,Inam Muradabadi,New Delhi,Mughlai,3.14
18451158,Hungerz Hub,New Delhi,"Burger, Pizza, Fast Food",3.14
18478895,Yeoh,Noida,"North Indian, Chinese, Italian, Thai",3.14
18489852,Uttrakhand Hotel,New Delhi,North Indian,3.13
18431193,KBC?_,Noida,"North Indian, Mughlai",3.13
18419654,Sri Meenakshi South Indian Food,Faridabad,South Indian,3.13
18440429,K.D Corner,New Delhi,North Indian,3.13
18489513,Tandoori Kebab,New Delhi,North Indian,3.13
18241864,Om Shanti Foods,New Delhi,North Indian,3.13
18311951,#InstaFreeze,New Delhi,Ice Cream,3.13
312338,De Bone Chicken,New Delhi,"Raw Meats, Fast Food",3.13
18228878,Aggarwal Sweets,New Delhi,North Indian,3.13
18345109,KC Bakery,Noida,Bakery,3.13
18442657,Hunger Tales,Noida,"Lucknowi, Mughlai, North Indian",3.13
18472426,Standard Chicken Point,Faridabad,Mughlai,3.13
310995,Lasha Chinese Food,New Delhi,Chinese,3.13
18423857,Laxmi Dairy,New Delhi,"Mithai, Street Food",3.13
18435314,Punjabi's Veg Grill,New Delhi,North Indian,3.13
304700,Bal Ji Rasoi,Gurgaon,North Indian,3.13
18421463,Madaan Confectionery,New Delhi,Bakery,3.13
18291231,Gopi Sweets & Caters,Gurgaon,"Mithai, North Indian",3.13
18378015,Tasty Tandoor,New Delhi,North Indian,3.13
18349508,OMG Tiffinz,Gurgaon,"North Indian, Chinese",3.13
18414469,Kasur Khyon,New Delhi,"Mughlai, Chinese",3.13
18377909,Food Plaza,New Delhi,"Chinese, Fast Food",3.13
18323446,Dial A Cake,New Delhi,"Bakery, Fast Food",3.13
18480748,Baby Got Bacon,Noida,"American, Italian",3.13
18435823,Sultan Chicken Corner,New Delhi,Mughlai,3.13
18421462,Prem Ji Delhi Wale,New Delhi,North Indian,3.13
18421693,Cookie Shookie,New Delhi,Bakery,3.13
308199,Alwar Sweets & Namkeen,Gurgaon,"Mithai, Street Food",3.13
18472689,Naya Adda,New Delhi,Fast Food,3.13
18489838,Food Adda,New Delhi,"North Indian, Italian, Chinese",3.13
18291213,Kehar Sweets And Snacks,Gurgaon,"Mithai, Street Food",3.13
18421474,Bhatia Chinese Food,New Delhi,"Chinese, South Indian, Fast Food",3.13
312853,Shah Ji Di Rasoi,New Delhi,Street Food,3.13
18359289,Sree Krishna Udupi,New Delhi,"South Indian, North Indian",3.13
18471263,Hans's Planet-F,New Delhi,"Chinese, Fast Food, North Indian",3.13
18168147,S.K. Fast Food,New Delhi,Chinese,3.13
18430905,Ram Ram Ji Kachori Bhandar,New Delhi,Street Food,3.13
310479,The Relax Point,New Delhi,North Indian,3.13
18354992,KT's Shik-Shack,New Delhi,Street Food,3.13
18352658,Bikaner Misthan Bhandar,Gurgaon,"Mithai, Street Food",3.13
18312639,Street Cafe,New Delhi,Fast Food,3.13
18285734,Mummy's Food Corner,New Delhi,Assamese,3.13
18281977,Upper Deck,Noida,"North Indian, Chinese",3.13
18480321,Raging Bull - The Spicy Punch,Noida,"Mexican, Italian",3.13
18471278,BonJuz,New Delhi,"Healthy Food, Juices",3.13
18429149,Special Moradabadi Chicken Corner,New Delhi,Biryani,3.13
18357939,Devika Restaurant,New Delhi,South Indian,3.13
18441685,R.S. Chinese Food,New Delhi,Fast Food,3.13
18414503,Sunny Restaurant & Tiffin,New Delhi,North Indian,3.13
308832,Hot 'N' Cool,New Delhi,"Fast Food, Italian",3.13
18380379,Aurangzeb,New Delhi,"Mughlai, Chinese",3.13
18383511,Foodicious,Noida,"Fast Food, Street Food",3.13
9226,Deep Bakery And Cake,New Delhi,"Bakery, Desserts",3.13
18478389,Die B?_ckerei,New Delhi,"Bakery, Desserts",3.13
301468,Vivino - Hotel Golf View,Noida,Continental,3.13
9194,Do Bhai Paneer Wale And Sweets,New Delhi,Bakery,3.13
18425179,Rapchick Biryani,New Delhi,North Indian,3.13
18487958,Health-O-Lic,New Delhi,"Healthy Food, Juices",3.13
18037796,Sethi Ice Cream Parlour,New Delhi,"Desserts, Beverages",3.13
18361755,Shudh Vaishno Dhaba,New Delhi,North Indian,3.13
18499482,TAG,New Delhi,"Cafe, Continental, Chinese",3.13
18430579,Melting Food Point,New Delhi,Chinese,3.13
18425152,New Classic Kitchen,New Delhi,"Chinese, Fast Food",3.13
18479007,Firangi Bake,Gurgaon,Bakery,3.13
18313125,Mehtaab Sweet Corner & Restaurant,New Delhi,"North Indian, Chinese, Street Food",3.13
18282453,Aalishaan,New Delhi,"Chinese, North Indian",3.12
313151,Radha Rani Bakery,Noida,"Bakery, Desserts",3.12
18356776,Ghar Ka Khana,New Delhi,North Indian,3.12
18209806,Zaika-E-Chaap Express,New Delhi,North Indian,3.12
18362795,Uncle Sam,New Delhi,North Indian,3.12
18426782,Hot Wok,New Delhi,"Chinese, Fast Food",3.12
18451573,Niti Shake & Ice Cream Hub,New Delhi,"Desserts, Beverages",3.12
18478981,Uncle's Corner,Noida,Fast Food,3.12
18126099,Hungry Heights,New Delhi,Fast Food,3.12
18352261,Bruncheez,New Delhi,Fast Food,3.12
18133511,Annapurna Food Point,New Delhi,North Indian,3.12
18350144,Bikaner Sweets,Gurgaon,"North Indian, South Indian, Chinese",3.12
18334400,Cafe Huddle,New Delhi,Fast Food,3.12
18409199,Khan Chacha,New Delhi,"Mughlai, North Indian",3.12
18431379,Lazeez Restaurant,New Delhi,"Chinese, North Indian, Mughlai, Pizza",3.12
18377907,Royal Bakers,Faridabad,Bakery,3.12
18421502,Kings Kulfi,Gurgaon,Ice Cream,3.12
18489836,New Gaurav Dhaba,New Delhi,North Indian,3.12
18254540,Halal Pizza 'n' Joy,New Delhi,Pizza,3.12
18381244,Popcorn Fusion,Faridabad,Fast Food,3.12
18466675,Gungun Tiffin Services,New Delhi,North Indian,3.12
18361767,Jyoti Dhaba,New Delhi,North Indian,3.12
18306504,Premier Bite,Gurgaon,"North Indian, Chinese, South Indian",3.12
18435335,Jo Jo Chinese Fast Food,New Delhi,Chinese,3.12
18438465,Rajesh Eating Corner,New Delhi,Street Food,3.12
18423863,Prakash Sweets,New Delhi,"Mithai, Street Food",3.12
18265716,Food Ka Adda,Gurgaon,"North Indian, Chinese, South Indian",3.12
18313112,Taste of India,New Delhi,"North Indian, Mughlai, Chinese",3.12
18322648,Lemonier,Noida,Bakery,3.12
18471313,Shere Hind Chicken Corner,New Delhi,Mughlai,3.12
18361200,Snack Shack,New Delhi,"North Indian, Chinese",3.12
9181,Bhardwaj Bakery,New Delhi,"Bakery, Pizza",3.12
18377889,KSG,New Delhi,Mughlai,3.12
18352176,Choices An Absolute BBQ,New Delhi,North Indian,3.12
310889,New Garden Hut,New Delhi,"Chinese, Fast Food",3.12
308837,Perfect Party Chef,New Delhi,"Fast Food, Chinese",3.12
18397621,Mr. Confectioner - Pride Plaza Hotel,New Delhi,Bakery,3.12
18227685,Anthony's Kitchen,New Delhi,"North Indian, South Indian",3.12
18356794,Pal Restaurant,New Delhi,"North Indian, Chinese",3.12
18349241,Curry Man,New Delhi,North Indian,3.12
18272389,Dus Bab,New Delhi,Tibetan,3.12
18464640,The Pizza Family,New Delhi,Pizza,3.12
18464638,Welcome Rasoi,New Delhi,"North Indian, Fast Food",3.12
18486845,Kaka Da Dhaba,New Delhi,North Indian,3.12
18396398,Evergreen Sweets & Restaurant,Faridabad,"North Indian, South Indian, Chinese, Fast Food",3.12
18492960,Mouthmatics,New Delhi,North Indian,3.12
18354996,The Yolmo Kitchen,New Delhi,Chinese,3.12
18432222,Anjel China & Tibetian Food,New Delhi,"Tibetan, Chinese",3.12
18432214,Dilli Darbar Chicken Point,New Delhi,Mughlai,3.12
18371414,Apni Rasoi,New Delhi,"Mughlai, North Indian",3.12
18460315,Mr. Tandoori Lal,New Delhi,"Chinese, North Indian",3.12
18430900,Lounge Bakery,New Delhi,Bakery,3.12
18357941,Facebook Fast Food,New Delhi,"North Indian, Mughlai, Chinese",3.12
302318,Sonu Sweets,New Delhi,"Mithai, Chinese",3.12
18456807,King's Kitchen,Faridabad,"North Indian, Mughlai, Chinese",3.12
18353796,Lucknow Heritage,Noida,Lucknowi,3.12
6678,Kaushal Dhaba,New Delhi,North Indian,3.12
18472429,Chill 'N Grill,Faridabad,North Indian,3.12
18424170,Special Chicken Biryani,New Delhi,"Biryani, Mughlai",3.12
18337895,Street Cafe,New Delhi,Fast Food,3.12
18492033,Lajawab Chicken & Fish Fry,New Delhi,Mughlai,3.11
18390311,Asia Seven Express,New Delhi,Chinese,3.11
18357573,Choco N Lush,Noida,"Bakery, Desserts",3.11
18449827,Amit Dhaba,New Delhi,Fast Food,3.11
18458345,Shri Ram Bhojnalaya,Gurgaon,North Indian,3.11
18034069,Chop Shop,Gurgaon,"Raw Meats, Fast Food",3.11
18357956,Rara Dragon,New Delhi,Chinese,3.11
18225831,Dee Cake Shop,New Delhi,Bakery,3.11
18312627,New Pishori Chicken Kabab,New Delhi,Fast Food,3.11
18331809,Serendipity Cafe,Noida,Cafe,3.11
18432206,Captain Food Factory,New Delhi,Chinese,3.11
18451597,Sanjay Chicken Shop,New Delhi,"Raw Meats, Fast Food",3.11
18383541,Keventers,New Delhi,Beverages,3.11
18057828,Indian Fresh Meat Shop,New Delhi,"Raw Meats, Fast Food",3.11
18480435,Rollacious,New Delhi,Fast Food,3.11
18420697,Aggarwal Sweets,New Delhi,Desserts,3.11
18429376,Javed Bawarchi Restaurant,New Delhi,Mughlai,3.11
18481321,Firangi Bake,Gurgaon,Bakery,3.11
18421457,Jai Maa Shaarde Samose Wala,New Delhi,Street Food,3.11
18435331,Khurana Eating Point,New Delhi,Chinese,3.11
18445788,Niti Shake & Ice Cream Hub,New Delhi,"Desserts, Beverages",3.11
5961,Sahib Jhatka Chicken Shop,New Delhi,North Indian,3.11
18440185,Evergreen Food Corner,New Delhi,"Fast Food, Raw Meats",3.11
301917,Bikaner Sweets,New Delhi,"Bakery, Mithai",3.11
6248,Gupta Eating Corner,New Delhi,North Indian,3.11
6249,Rama Fast Food,New Delhi,North Indian,3.11
18025131,Just Vada Pav,New Delhi,Street Food,3.11
18346735,Annapoorna Foods,Gurgaon,"North Indian, Mughlai, South Indian",3.11
18396358,Giani,New Delhi,"Ice Cream, Desserts",3.11
18336474,Chai Garam,New Delhi,"Tea, Beverages, Fast Food",3.11
18441669,Food State,New Delhi,North Indian,3.11
18355137,Kalka's Food Centre,New Delhi,"North Indian, Chinese",3.11
18460280,M Cr??me,Gurgaon,"Bakery, Desserts",3.11
312864,Krishna Da Dhaba,New Delhi,North Indian,3.11
18394362,Connoisseur,New Delhi,Bakery,3.11
18303708,Spice Treat,New Delhi,Chinese,3.11
18432200,Hotel Delhi 43,New Delhi,North Indian,3.11
18352287,Chinese Food Point,New Delhi,Chinese,3.11
18471287,Punjabi Rasoi,New Delhi,Fast Food,3.11
313349,Chili's Treat,New Delhi,"North Indian, Chinese",3.11
18446424,New Open Restaurant,New Delhi,"Nepalese, Tibetan",3.11
18272391,ABC Restaurant,New Delhi,"North Indian, Chinese",3.11
18457257,Dakshin Platter,Noida,South Indian,3.11
18408041,Subway,Faridabad,"American, Fast Food, Salad, Healthy Food",3.11
303559,Brij Palace Restaurant,New Delhi,North Indian,3.11
310240,Cream Bell,Noida,Ice Cream,3.11
18383458,N E Great Foods,Noida,Street Food,3.11
18464636,Baba Ji,New Delhi,Fast Food,3.11
18421482,Breakfast Hut,New Delhi,North Indian,3.11
18312665,Best Chicken Corner,New Delhi,North Indian,3.11
18273526,Kathmandu,New Delhi,Chinese,3.11
18439705,The Hubbub Cafe and Restaurant,New Delhi,North Indian,3.11
18313153,Food Master's Galley,New Delhi,"North Indian, Chinese",3.11
18377904,Break Fast Junction,New Delhi,North Indian,3.11
18354985,Amul Ice-Cream Parlour,New Delhi,Ice Cream,3.11
18378017,Green Chick Chop,New Delhi,"Raw Meats, Fast Food",3.11
18355147,Star Restaurant,New Delhi,North Indian,3.11
18349922,Dev Sweets & Restaurant,New Delhi,"North Indian, Chinese, South Indian",3.11
18352288,Mittal Restaurant & Fast Food,New Delhi,"Fast Food, South Indian, Mithai",3.11
18361199,Bikaner Sweets & Restaurant,New Delhi,"Mithai, South Indian, Street Food",3.11
18424646,Little Tibet,New Delhi,"Cafe, Tibetan",3.11
18471254,Annpurna Rasoi,New Delhi,"North Indian, Fast Food",3.11
18357943,Shama Muradabadi Chicken Biryani,New Delhi,Mughlai,3.11
18357819,Nutri Lunch,New Delhi,North Indian,3.11
311216,The Pink Whisk,New Delhi,Bakery,3.11
18361202,Hot & Pot,New Delhi,"Chinese, Fast Food",3.11
18313109,Mom's Bake,New Delhi,"Bakery, Fast Food",3.1
18442896,Fumble Foods,New Delhi,"North Indian, Fast Food",3.1
18491264,Gourmet Bistro,New Delhi,"Cafe, Fast Food, Bakery",3.1
18351422,Knight Kitchens,Noida,"North Indian, Fast Food, Chinese",3.1
18396171,Baba Chicken Ludhiana Wale,New Delhi,North Indian,3.1
18372672,Grover Sweets,New Delhi,"Street Food, Chinese",3.1
18419424,Khan Tandoori Hub,New Delhi,"North Indian, Mughlai",3.1
311394,Cheffron Bakery,New Delhi,Bakery,3.1
18472660,Khera's Foodie Corner,New Delhi,"Chinese, North Indian",3.1
18386746,365 Naturals,New Delhi,"Continental, North Indian, Fast Food, Street Food, South Indian",3.1
18419871,Scoopers 'n' Bakers,New Delhi,Bakery,3.1
18489802,Zaika Biryani,New Delhi,"Mughlai, North Indian",3.1
18415376,GoGourmet,New Delhi,"Healthy Food, Beverages",3.1
18439532,Ganesh Chinese Food Corner,Noida,Chinese,3.1
18377915,Tulsi Ram Chinese Hut,New Delhi,Chinese,3.1
18187733,Punjabi Virsa,New Delhi,"North Indian, Chinese, Mughlai",3.1
18424207,Aggarwal Sweet & Bakers,New Delhi,"Mithai, Street Food",3.1
18472418,Punjabi Restaurant,Faridabad,"North Indian, Mughlai",3.1
18474850,Sardar A Pure Meat Shop,New Delhi,"Raw Meats, Fast Food, North Indian",3.1
18431981,Pan Asian Noodles,Noida,Chinese,3.1
18408033,Just Vada Pav,New Delhi,Street Food,3.1
18244230,The Big Scoop,Noida,Ice Cream,3.1
18352271,Lavi Foji Dhaba,Gurgaon,North Indian,3.1
18441680,The Khoj Cafe Restaurent,New Delhi,"Chinese, North Indian",3.1
18339370,Biryani,Noida,Biryani,3.1
18317512,Baskin Robbins,Noida,Ice Cream,3.1
18481310,Karma Cafe & Lounge,New Delhi,"North Indian, Chinese",3.1
18432027,Rajan Foods Corner,Noida,North Indian,3.1
309483,Deepu Fish & Chicken,New Delhi,North Indian,3.1
18382373,Burger Head Quarter BHQ,New Delhi,Fast Food,3.1
18396396,Yumbuns,New Delhi,Fast Food,3.1
18432198,Cafe Buddy's,Noida,Fast Food,3.1
18421030,Hot Joint Fast Food,New Delhi,Chinese,3.1
311666,Mughal-E-Zaika,New Delhi,"Mughlai, North Indian",3.1
18480928,Jee Aao Jee Chole Bhature,New Delhi,Street Food,3.1
18456760,Rendezvous Adda,Noida,"North Indian, Bengali",3.1
304809,Aggarwal Sweets Corner,New Delhi,Mithai,3.1
18371416,Bake Town,New Delhi,"Bakery, Chinese",3.1
18492652,Koolees Milkshake Bar,New Delhi,Beverages,3.1
18359302,Chilli Tadka,New Delhi,"Chinese, Fast Food",3.1
18494204,Jaisons,New Delhi,"Fast Food, Street Food",3.1
18423869,Bitoo Chat Corner,New Delhi,Street Food,3.1
18128874,Chaska,New Delhi,"Chinese, Street Food",3.1
18312578,Cafe Coffee Day,New Delhi,Cafe,3.1
18350160,Vaishno Bhojanalaya,New Delhi,"North Indian, Chinese",3.1
18245267,Rasoi Dil Se,Noida,"North Indian, Chinese, Continental",3.1
18423140,Gareeb Dhaba,New Delhi,Mughlai,3.1
18359292,Foodies,New Delhi,Italian,3.1
304531,Punjabi Rasoi,New Delhi,North Indian,3.1
304769,Anand Sweets,New Delhi,"Mithai, Street Food",3.1
18332976,Cake 24x7,Gurgaon,"Bakery, Desserts",3.1
18430561,Ancient Spice,Gurgaon,"North Indian, Chinese",3.1
18440186,Chennai Express Greens,New Delhi,South Indian,3.1
18429155,Green Chick Chop,New Delhi,"Raw Meats, North Indian, Fast Food",3.1
306974,Bittoo Murge Wala,New Delhi,North Indian,3.1
18376068,Somethings Sweet,Noida,Bakery,3.1
18421494,South Indian,New Delhi,South Indian,3.1
18434964,FM Biryani Point,New Delhi,Biryani,3.1
18471319,Grover Burfee & Cakes,New Delhi,"Bakery, Chinese",3.1
303537,Sat Narayan Fast Food,New Delhi,"Mithai, Chinese",3.1
18410370,Street Chaat Chatoron Ka Adda,New Delhi,Street Food,3.09
18252382,Grills N Chills,New Delhi,Fast Food,3.09
18377901,Super Snacks,New Delhi,"North Indian, South Indian",3.09
18378807,AK Your Food,Gurgaon,North Indian,3.09
18429386,Two Friends Roll Corner,New Delhi,"Fast Food, Street Food",3.09
18261727,The Rolling Stove,Gurgaon,Chinese,3.09
313477,Divine Bites,Gurgaon,Bakery,3.09
18354655,Bite N Sip,Gurgaon,"Fast Food, Chinese",3.09
18430246,Cake Express,New Delhi,Bakery,3.09
18423894,Goli Vada Pav No. 1,New Delhi,Street Food,3.09
18377900,Khan Tandoori Nights,New Delhi,Mughlai,3.09
18472695,Chinese Fast Food,New Delhi,"Chinese, Fast Food",3.09
18474221,Dial a Cake,Noida,"Bakery, Fast Food",3.09
18383481,Juice Lounge,Noida,"Juices, Fast Food",3.09
18489522,Full Dabba,Gurgaon,"North Indian, South Indian",3.09
304793,Modern Sweets,Gurgaon,"Mithai, Street Food",3.09
18469955,Cafe Coffee Day,Noida,Cafe,3.09
18449657,Panj Tara,New Delhi,North Indian,3.09
18424584,South Street Cafe,New Delhi,South Indian,3.09
18458643,Kwality Restaurant,Gurgaon,"North Indian, Chinese",3.09
18499475,Chinese Food,Gurgaon,Chinese,3.09
18499456,Speziato Foods,Noida,"North Indian, Mughlai",3.09
18364846,Lots of Food,New Delhi,Chinese,3.09
18423121,Delhi Pizza Corner,New Delhi,"Pizza, Fast Food",3.09
18398604,Oven Aroma,Gurgaon,Bakery,3.09
18440164,Cha Cha Cha,Noida,"Beverages, Fast Food",3.09
312620,Brown Town Bakers,New Delhi,"Desserts, Fast Food",3.09
310255,Lajwab Pastry Palace,New Delhi,Bakery,3.09
304385,Indian Chinese Fast Food,New Delhi,Chinese,3.09
18037813,Guru Kripa Chicken Corner,New Delhi,North Indian,3.09
18037792,Manpasand Punjabi Zaika,New Delhi,North Indian,3.09
310678,Shri Bhujia Bhandar,New Delhi,"Street Food, Mithai",3.09
7187,Vijay South Indian Food,New Delhi,South Indian,3.09
18348614,Turning Point Fast Food,New Delhi,"South Indian, Chinese, Continental",3.09
18446396,Nirula's Ice Cream,New Delhi,"Ice Cream, Desserts",3.09
18492089,Dumpty's,Noida,Fast Food,3.09
310770,Southern Santushti Cafe,Noida,South Indian,3.09
18478967,Gupta Sweets,New Delhi,"North Indian, South Indian, Mithai",3.09
18124389,Mahesh Shudh Vaishno Bhojanalya,New Delhi,North Indian,3.09
18432230,Chaskaa Restaurant,Noida,"North Indian, Mughlai, Chinese",3.09
18310503,Affamato,Noida,"Italian, Pizza",3.09
18303715,Viddya Chinese Fast Food,Noida,"Chinese, Fast Food",3.09
18388133,Delhi Lazeez,New Delhi,North Indian,3.09
18468524,The Pure Kitchen,New Delhi,"Chinese, Continental, North Indian",3.09
18378030,Wrap N Roll,New Delhi,Chinese,3.09
18250897,Sweet Sensations,New Delhi,Bakery,3.09
18352275,King's Food,New Delhi,Chinese,3.09
18423872,Aggarwal Sweets,New Delhi,Mithai,3.09
7818,Om Aggarwal Sweets,New Delhi,Mithai,3.09
18364414,MK Tiffin Service,New Delhi,North Indian,3.09
9442,Shudh Vaishno Bhojanalaya,New Delhi,North Indian,3.09
18424883,Brij Ki Rasoi,New Delhi,"North Indian, South Indian, Mughlai",3.09
18409190,PSR Foods,New Delhi,"North Indian, Street Food",3.09
18424643,Asian House Restaurant,New Delhi,"Tibetan, South Indian, North Indian",3.09
307549,Aggarwal Sweet Centre,New Delhi,"Mithai, Street Food",3.09
18439029,New Kovilakam Restaurant,New Delhi,"Kerala, South Indian",3.09
18433879,The Chaiwalas,Faridabad,Cafe,3.09
9635,Mittal Caterer,New Delhi,"Street Food, South Indian, Mithai",3.09
18349914,NBC Nirankari Bakers,New Delhi,"Pizza, Fast Food, Bakery",3.09
18363067,Yadav Sweets,New Delhi,Mithai,3.09
9262,Chinese Temptation,New Delhi,"Chinese, Fast Food",3.09
18430911,Kanhaiya Fast Food,New Delhi,"Chinese, Fast Food",3.09
18422748,Achi Restaurant,New Delhi,Chinese,3.09
18431979,Panjabi Chic-Shoppe,New Delhi,"Raw Meats, Street Food",3.09
18161600,Cafe Coffee Day,Noida,Cafe,3.09
306177,Gulati Ki Rasoi,New Delhi,North Indian,3.09
18490967,Let's Burrrp,Noida,"Chinese, North Indian",3.09
18445759,Gopal Ji Rasoi Wala,New Delhi,North Indian,3.09
18458342,The Muffin Girl,New Delhi,Bakery,3.09
18424639,Lhasa Manthang Restaurant,New Delhi,"Tibetan, Chinese",3.09
18429161,Gian Ji Punjabi Dhaba,New Delhi,North Indian,3.09
18429157,New Anna Ka Dosa,New Delhi,South Indian,3.09
309101,Kullu Manali Restaurant,New Delhi,"Tibetan, Chinese, North Indian",3.09
18361223,New South Indian & Chinese Foods,New Delhi,"South Indian, Chinese",3.09
18451571,Amritsari Naan,New Delhi,North Indian,3.09
18293989,Smily Cakes,New Delhi,Bakery,3.09
18466825,Chennai Dosa Express,New Delhi,South Indian,3.09
18155147,Antaryami Paratha Corner,Noida,North Indian,3.09
18440395,Chill Grill,Noida,Fast Food,3.09
18291238,TLC Kitchen,New Delhi,Healthy Food,3.09
18416830,M&S Coffee Cafe,New Delhi,Fast Food,3.09
18494319,Mr. Biryani Walia,Noida,Biryani,3.09
18431190,Vyanjan,Noida,North Indian,3.09
18433852,The Chaiwalas,Faridabad,Cafe,3.09
18499455,Balti,Noida,North Indian,3.09
18446390,New Bhappe Di Hatti,New Delhi,Fast Food,3.08
18398839,Bake Cuddle,Gurgaon,Bakery,3.08
18357525,EDC Mania,New Delhi,Fast Food,3.08
18398590,Biryani Express,Gurgaon,Biryani,3.08
18424171,Brijwasi,New Delhi,"North Indian, Chinese, South Indian",3.08
18458319,Renu Sweets & Restaurant,Gurgaon,North Indian,3.08
18144444,R S Foods,Gurgaon,"Mughlai, North Indian",3.08
18375388,Senorita's,New Delhi,Mexican,3.08
312413,Just In,New Delhi,North Indian,3.08
18312631,Raju Vaishno Amritsari Dhaba,Gurgaon,North Indian,3.08
18446423,Al Noor Foods,New Delhi,"North Indian, Mughlai",3.08
18449664,Raja Rasoi,New Delhi,North Indian,3.08
310286,Today Pizza,New Delhi,Fast Food,3.08
18430577,The Second Wife Kitchen,New Delhi,North Indian,3.08
18463988,L.N Live Kitchen,New Delhi,"Chinese, Fast Food",3.08
18429577,Mamma Drools,New Delhi,North Indian,3.08
305567,Sushil Punjabi Vaishno Dhaba,New Delhi,North Indian,3.08
18449667,Taneja Corner,New Delhi,North Indian,3.08
18382377,Chai Thela,Noida,"Tea, Fast Food",3.08
18382371,Sadda Adda,Noida,Cafe,3.08
18447292,Babu Meat Wala,New Delhi,"Raw Meats, North Indian",3.08
18430898,13 Cafe,New Delhi,Cafe,3.08
18446388,The Urban Canteen,New Delhi,Fast Food,3.08
18478723,RV Restaurant,New Delhi,"North Indian, Chinese, South Indian",3.08
18492057,Shree Raja Ram,New Delhi,Fast Food,3.08
18430907,Rana's Food Corner,New Delhi,North Indian,3.08
18358661,Kaka De Dhaba,New Delhi,North Indian,3.08
18358657,Shahi Chicken Corner,New Delhi,Mughlai,3.08
9129,Sha-O-Lin Chinese Fast Food,New Delhi,Chinese,3.08
18430909,Rajender Di Punjabi Rasoi,New Delhi,North Indian,3.08
18455547,Jiya Amritsari Naan,New Delhi,North Indian,3.08
18446496,Parantha on Call,New Delhi,North Indian,3.08
18454484,44 Grills,Noida,"North Indian, Chinese",3.08
18381668,Green Chilly Chinese Food,Faridabad,Chinese,3.08
18471285,Sardar A Pure Meat Shop,Faridabad,"Raw Meats, Fast Food, North Indian",3.08
18357566,Royal Bakery,New Delhi,"Bakery, Desserts",3.08
18439534,C Cube,Noida,"American, Italian, North Indian, Chinese",3.08
18398616,Aha Bites,Gurgaon,"Fast Food, North Indian",3.08
18377880,Natural Pizza Hub & Food Court,New Delhi,Pizza,3.08
18438457,Come 'n' Eat,New Delhi,"Chinese, Fast Food",3.08
18454461,Zaika Muradabadi,New Delhi,Biryani,3.08
18421470,Soya Twist,New Delhi,"North Indian, Chinese",3.08
18441710,Sangam Ratna,New Delhi,South Indian,3.08
9281,Aggarwal Sweet Centre,New Delhi,Mithai,3.08
18431998,Laxmi Food Corner,New Delhi,"Fast Food, North Indian",3.08
7905,Moni Bakers,New Delhi,Bakery,3.08
18390309,Kaka's Tiffin Service,New Delhi,North Indian,3.08
18481278,Mirch Masala Restaurant,New Delhi,North Indian,3.08
310357,Food Point and Sweets Corner,New Delhi,"South Indian, Fast Food, North Indian, Chinese",3.08
18430576,Shahi Chicken Point,New Delhi,Mughlai,3.08
18258502,Schezwan Bakery,New Delhi,"Bakery, Fast Food",3.08
18440175,Radhey Radhey Foods,New Delhi,North Indian,3.08
18334432,Riyaz Biryani Corner,New Delhi,North Indian,3.08
18416859,Amor Kitchen,New Delhi,North Indian,3.08
18294233,Mughlai Darbar Muradabadi,New Delhi,Mughlai,3.08
18358662,Costa Coffee,Noida,Cafe,3.08
18489827,Cafe Treat,Noida,"North Indian, Italian, Continental",3.08
18245275,B Bawarchi Restaurant,Noida,"North Indian, Mughlai, Chinese",3.08
18479008,Oye!! Shawarma,New Delhi,Fast Food,3.08
18438896,Khaao Peeyo,New Delhi,Fast Food,3.08
313127,Aggarwal Sweets,New Delhi,"South Indian, Chinese, Mithai",3.08
9269,Taj Mahal Dhaba,New Delhi,North Indian,3.08
18317507,Soya Bite's,New Delhi,North Indian,3.08
18261678,Soya Bite's,New Delhi,North Indian,3.08
18272376,Tandoori Khazana,New Delhi,"North Indian, Fast Food",3.08
18272385,Rooftop Restaurant,New Delhi,Chinese,3.08
18415370,Mr. Billiken,New Delhi,North Indian,3.08
311419,Simla Bakery,Noida,Bakery,3.08
311736,Baskin Robbins,Gurgaon,Ice Cream,3.08
18464649,Mannat Chinese Fast Food,New Delhi,"Chinese, Bakery",3.08
304888,Dosa and Pizza Corner,New Delhi,"South Indian, Pizza, Chinese",3.08
18449949,Roll Junction,New Delhi,North Indian,3.08
18430914,Keventers,New Delhi,Beverages,3.08
18446411,Lhasa Thali House,New Delhi,Nepalese,3.08
18446419,Lhamo's Kitchen,New Delhi,Nepalese,3.08
18359282,Chinese Tadka,New Delhi,Chinese,3.08
18435289,Domino's Pizza,New Delhi,"Pizza, Fast Food",3.08
18441651,Food Cabana,Noida,Chinese,3.08
18342574,Apni Rasoi,New Delhi,North Indian,3.08
18486879,Truly Yours,New Delhi,"North Indian, Street Food, Fast Food",3.08
18471244,Magic Spice Wok,Faridabad,"Chinese, Fast Food",3.08
304586,Evergreen Punjabi Swad,New Delhi,North Indian,3.07
18251459,Richa's Bakery,New Delhi,Bakery,3.07
18414506,The Urban Dhaba,New Delhi,North Indian,3.07
304469,Tirath Sweets,New Delhi,Mithai,3.07
18336496,Catchup Green,New Delhi,Fast Food,3.07
18361739,Bikaner Kesarvala,New Delhi,Mithai,3.07
305699,Dilkhush Dhaba,New Delhi,North Indian,3.07
18261708,JMD Family Restaurant,New Delhi,"North Indian, Chinese",3.07
18370499,Sukhman Food City,Gurgaon,North Indian,3.07
18382368,Kaka Restaurant,Noida,"Mughlai, North Indian",3.07
18429151,Food Junction,New Delhi,Chinese,3.07
18382366,Yummy Kitchen,Noida,"North Indian, Mughlai",3.07
18357954,Punjabi Delight,New Delhi,North Indian,3.07
18372662,Breaky2Dinner,Noida,"Chinese, North Indian",3.07
7180,Seth Baker's,New Delhi,"Bakery, Desserts",3.07
18256780,Kebab Gallery,New Delhi,"North Indian, Lucknowi",3.07
18375389,Pizza Hot,New Delhi,"Italian, Fast Food, South Indian",3.07
18322599,Daily Belly,New Delhi,"North Indian, South Indian, Chinese",3.07
302175,Chavi Food Point,New Delhi,North Indian,3.07
18414508,Puja Sandwich House,New Delhi,Fast Food,3.07
308905,Annapurna Caters,New Delhi,North Indian,3.07
18017240,The Food Express,New Delhi,North Indian,3.07
18464647,Taoji Ke Amratsari Naan,New Delhi,"Fast Food, North Indian",3.07
18378051,Spicy Curry,New Delhi,North Indian,3.07
18281993,Tripti Foods,New Delhi,South Indian,3.07
18144471,Halal Pizza Star,New Delhi,"Pizza, Fast Food",3.07
18261161,The Regal Chicken Corner,New Delhi,"North Indian, Mughlai",3.07
18237348,Dosa Republic,Gurgaon,South Indian,3.07
312970,New Royal Blue Dhaba,New Delhi,North Indian,3.07
18383484,Baskin Robbins,Noida,Ice Cream,3.07
18382359,Hunger's Hut,Noida,"North Indian, Mughlai",3.07
18416753,Dolce Gelato,Noida,"Ice Cream, Beverages, Fast Food",3.07
18421475,Lily Tasty Fast Food,New Delhi,"North Eastern, North Indian, Chinese",3.07
3555,Sahara Restaurant,New Delhi,"North Indian, Mughlai",3.07
18455551,Variety of Shawarmas,New Delhi,Fast Food,3.07
18432218,Khanna's Hot Pizza,New Delhi,Pizza,3.07
308533,Hotel 121 Shakahari,New Delhi,North Indian,3.07
18441790,Giani's,New Delhi,"Ice Cream, Desserts",3.07
18435315,Shree Banke Foods,New Delhi,"Chinese, North Indian",3.07
18419906,K. B. Eating Point,New Delhi,"Chinese, South Indian",3.07
18423885,Dolce Gelato,Noida,"Ice Cream, Beverages, Fast Food",3.07
18361211,Prem Chinese Fast Food,New Delhi,Chinese,3.07
18217127,Sardarji Chicken Point,Gurgaon,"North Indian, Chinese",3.07
18291233,Narayan Fast Food Home,Gurgaon,"North Indian, Chinese",3.07
18361217,Radhe Shyam Dhaba,New Delhi,North Indian,3.07
18355004,Cafe Point,New Delhi,"Fast Food, Beverages",3.07
18372694,Sweets n Treats,New Delhi,Street Food,3.07
18441677,Chennai Express,New Delhi,"Chinese, South Indian",3.07
18446485,Pizza Hut Delivery,New Delhi,"Italian, Pizza, Fast Food",3.07
9176,Krishna Panjabi Rasoi,New Delhi,North Indian,3.07
18455513,Singh Chicken,New Delhi,"North Indian, Mughlai",3.07
18425757,Desi Tadka,New Delhi,North Indian,3.07
302436,Aggarwal Sweet Fresh,New Delhi,"Mithai, Street Food",3.07
18313203,Chillies Cafe,Noida,Fast Food,3.07
18433854,Bunz & Dogz,Noida,American,3.07
18366025,Mr. Momo,New Delhi,"Fast Food, Chinese",3.07
18383549,Keventers,Noida,Beverages,3.07
18398614,Ammi's Kitchen,Noida,Mughlai,3.07
309219,Satya Dhaba,New Delhi,North Indian,3.07
17989089,Sharma Ji Spring Roll,New Delhi,Fast Food,3.07
18394367,Kake Da Dhaba,Noida,North Indian,3.07
18089775,Chicken Inn Family Meat Shop,Faridabad,"Raw Meats, Fast Food",3.07
18454474,Wah G Wah,New Delhi,"North Indian, Chinese",3.06
303697,Bakelicious 18,Gurgaon,"Bakery, Desserts",3.06
18432231,Baskin Robbins,Noida,Ice Cream,3.06
18037794,Shama Chicken Corner,New Delhi,"Biryani, Mughlai",3.06
18438448,Food Care,New Delhi,"Chinese, Fast Food",3.06
18126101,Robins Sweets & Restaurant,Noida,North Indian,3.06
18463967,Baba Da Dhaba,Gurgaon,North Indian,3.06
18355127,Muradabadi Shahi Biryani & Chicken Corner,New Delhi,Mughlai,3.06
308940,Sanjha Chula Baba Da,New Delhi,North Indian,3.06
18273432,Cupcakes & More,Noida,"Bakery, Desserts",3.06
18441672,6 Pack Momos,New Delhi,Chinese,3.06
18423900,Hookie Dookie,Noida,Cafe,3.06
18017260,Babu Soup Wala,New Delhi,North Indian,3.06
18435210,Kanuchawala,New Delhi,"North Indian, Chinese",3.06
18441566,Fc Katyal,New Delhi,Chinese,3.06
18466400,Desi Thaat Amritsari Naan,New Delhi,North Indian,3.06
18421473,Lasha Chinese Food,New Delhi,Chinese,3.06
18361771,NIK's Chicken Corner,New Delhi,North Indian,3.06
304822,Bansiwala Sweets & Caterers,New Delhi,"Mithai, Street Food",3.06
18464641,Bala Ji Rasoi,New Delhi,North Indian,3.06
302256,Radha Swami Shudh Vaishno Dhaba,Gurgaon,North Indian,3.06
18441551,Joost Juice Bar,Noida,Beverages,3.06
18431191,Mama Tao,New Delhi,Chinese,3.06
18265385,Aggarwal Sweet Corner,New Delhi,"Mithai, Street Food",3.06
18418278,Punjabi Paratha Station,New Delhi,North Indian,3.06
18433869,Buddy 's. Pizza,New Delhi,Pizza,3.06
311850,Best Pizza Hut,Gurgaon,Fast Food,3.06
18396177,Pasta Pizza & Roll Hut,New Delhi,"Italian, Fast Food",3.06
18431105,Surprise - Bakers & Bites,New Delhi,"Bakery, Fast Food",3.06
18449639,Pheva Tandooris,New Delhi,"North Indian, Chinese",3.06
18258756,Shama Chicken Corner,Noida,Mughlai,3.06
18433297,China Pan,New Delhi,"Chinese, Fast Food",3.06
18382382,Kathi Junction,Noida,Fast Food,3.06
18463954,Bandhani Fast Food,Gurgaon,North Indian,3.06
18375201,Ashiyan Foods,New Delhi,"North Indian, Chinese, Continental",3.06
18375387,Seven Star Pizza,New Delhi,Pizza,3.06
18472651,Chatny Delight,Faridabad,Fast Food,3.06
18412898,Al Mughal,New Delhi,Mughlai,3.06
18350159,Al Zaika,New Delhi,Mughlai,3.06
18352655,Shree Annapurna,Gurgaon,"Chinese, North Indian",3.06
18471327,Tasty Dhaba Family Restaurant,Faridabad,"North Indian, Mughlai",3.06
18466970,Baskin Robbins,Noida,Ice Cream,3.06
18345759,Nehra's Food Point,Gurgaon,Chinese,3.06
18464618,Street Food By Punjab Grills,Gurgaon,North Indian,3.06
308068,The Grand Kitchen,New Delhi,"North Indian, Chinese",3.06
18393709,Apni Rasoi,Gurgaon,North Indian,3.06
8957,Mithla Dhabha,New Delhi,North Indian,3.06
18294229,Aapki Rasoi,New Delhi,North Indian,3.06
303500,Lamba Sweets Corner,New Delhi,"Mithai, Street Food",3.06
18361763,Best Biryani Centre,New Delhi,Biryani,3.06
18451168,Bablu Fast Food,Gurgaon,Chinese,3.06
18284473,Delhi Cafe Restaurant,New Delhi,North Indian,3.06
18463990,Tamasha In Tafree,Faridabad,Cafe,3.06
18462632,Food Express,Noida,"North Indian, Mughlai, Chinese",3.06
18378022,Sagar,New Delhi,"Bakery, Fast Food",3.06
304393,Punjabi Special,New Delhi,North Indian,3.06
18346998,Bake Walkers,Noida,"Bakery, Desserts",3.06
309509,Namaste Restaurant,New Delhi,Chinese,3.06
306695,Aggarwal Bikaner Sweets,New Delhi,Mithai,3.06
18371421,Yummy Chinese Food,New Delhi,Chinese,3.06
18273530,Mahi Rasoi,New Delhi,"North Indian, South Indian, Fast Food",3.06
306678,Bajrang Misthan Bhawan,New Delhi,Mithai,3.06
18357948,Sansar Hotel,New Delhi,North Indian,3.06
18264980,Food Code 99,New Delhi,"Chinese, South Indian, Fast Food",3.06
303149,Pakwan,New Delhi,"North Indian, Chinese, Fast Food",3.06
301170,Gulshan Hotel,Faridabad,North Indian,3.06
18471246,Biryani Bot,Faridabad,Biryani,3.06
7194,Punjabi Shahi Chicken Soup,New Delhi,Chinese,3.06
18424636,Kake Di Chap,New Delhi,Fast Food,3.06
313282,Flavors of London,New Delhi,"Desserts, Ice Cream, Fast Food",3.06
18421487,Best Biryani,New Delhi,Mughlai,3.06
303497,Shri Shyam Ji Shudh Shakahari Bhojnalaya,New Delhi,North Indian,3.06
304280,Drepung Loselling,New Delhi,"Tibetan, Chinese",3.06
18466420,Chaudhary Chaap & Chinese,Faridabad,"Chinese, North Indian",3.06
18419649,Milko's,New Delhi,"Street Food, Mithai",3.06
18352268,Little Delhi,New Delhi,North Indian,3.06
305153,Flavours Of Delhi,New Delhi,"North Indian, Chinese, Fast Food",3.06
305570,Aggarwal Sweet Corner,New Delhi,Mithai,3.06
18357958,Roll Corner,New Delhi,Fast Food,3.06
9883,Aggarwal Eating Point,New Delhi,"Street Food, Mithai",3.06
18291209,Raju Ice Cream Parlor,New Delhi,"Pizza, Ice Cream",3.06
18435816,Shakun Cook-Du-Ku,New Delhi,"Chinese, North Indian",3.06
18128868,The Taste of Punjab,New Delhi,"Chinese, North Indian",3.06
313419,Kitchen King,New Delhi,"North Indian, Mughlai, Chinese",3.06
9884,Jagram Dhaba,New Delhi,North Indian,3.06
1973,Nik's Chawla Chik Inn,New Delhi,"North Indian, Fast Food",3.06
18421038,Cafe Coffee Day,New Delhi,Cafe,3.06
305183,First Treat Bakers,New Delhi,Bakery,3.06
18492045,Ching Chinese,New Delhi,"Chinese, Fast Food",3.06
18431976,Yolkers,Noida,Fast Food,3.05
18466993,Zaika Kathi Rolls,Noida,Fast Food,3.05
18355121,Delicious Eating Corner,New Delhi,North Indian,3.05
2703,Paras Chicken Point,New Delhi,North Indian,3.05
18175282,Green Chick Chop,New Delhi,"Raw Meats, North Indian, Fast Food",3.05
18175297,Choudhary Dhaba,New Delhi,North Indian,3.05
18472450,Zaika of Dilli 6,Noida,"North Indian, Chinese, Kashmiri",3.05
18156065,Eating Point,Noida,North Indian,3.05
18466616,Jaak Foods,Noida,"North Indian, Chinese",3.05
18409207,Twenty Four Seven,New Delhi,"Fast Food, North Indian",3.05
18168124,The China Town,New Delhi,Chinese,3.05
18424650,Night Munchers,New Delhi,North Indian,3.05
18425780,Purani Dilli Foods,New Delhi,Mughlai,3.05
18463969,Bhai Ji Dhaba,Gurgaon,North Indian,3.05
18466980,Punjabi Chulha,Faridabad,North Indian,3.05
18452267,Grub Hub,Faridabad,Asian,3.05
310965,Punjabi Parantha Station and Punjabi Thali,New Delhi,North Indian,3.05
18471335,Solty Hotel,Gurgaon,North Indian,3.05
18424195,Shri Balaji Shudh Vaishno Dhaba,Noida,North Indian,3.05
18424206,Shiva Shudh Shakahari Bhojnalaya,Noida,North Indian,3.05
18424588,Tiffin Man House,Noida,North Indian,3.05
18258742,Sagar Dhaba,Noida,North Indian,3.05
18416842,U.P. Al-Flah Restaurant,New Delhi,Biryani,3.05
18376497,Always Eat Green,New Delhi,"North Indian, South Indian, Chinese",3.05
18489829,Indochi,Gurgaon,"Chinese, Fast Food, North Indian",3.05
18312606,Milan Apna Dhaba,Gurgaon,North Indian,3.05
18368602,Delicious Treasure,Noida,North Indian,3.05
18449647,Happy Italiano,New Delhi,Fast Food,3.05
18371420,Fire n Ice,Noida,"Fast Food, North Indian, Chinese",3.05
18271099,Spicy Affair,Noida,Street Food,3.05
18489842,#hashtag,New Delhi,Cafe,3.05
18439547,Anand Dhaba,Faridabad,North Indian,3.05
18416845,Al-Karim,New Delhi,North Indian,3.05
18403469,Aapka Mangal Restaurant,New Delhi,North Indian,3.05
18352657,Orange Food Cart,Gurgaon,Chinese,3.05
301925,Laxmi Dhaba,New Delhi,North Indian,3.05
18423118,Old Moradabadi Chicken Corner,New Delhi,North Indian,3.05
18486858,6 Packs Momos,Noida,Chinese,3.05
18432020,Green Chilli Fast Food,Noida,Chinese,3.05
6608,Vaishno Rasoi,New Delhi,North Indian,3.05
18441671,Tpot,Noida,"Fast Food, Beverages",3.05
18357541,Mukesh Bhojnalaya,New Delhi,North Indian,3.05
18449643,Tea Point,New Delhi,"Beverages, Fast Food",3.05
18312463,Chhotu Restaurant,New Delhi,North Indian,3.05
306710,Shiv Shakti Dhaba,New Delhi,North Indian,3.05
304405,Sharma Sweets,New Delhi,"Mithai, Street Food",3.05
18264985,Red Chilli,Noida,"North Indian, Chinese, Mughlai",3.05
18446401,Baba Chaap Wala,New Delhi,Fast Food,3.05
18419914,Indian Food Cafe,Gurgaon,North Indian,3.05
18356045,Punjabi Zaika,Noida,North Indian,3.05
18291456,Kedgy Bite,New Delhi,Fast Food,3.05
18378043,Hot N Fresh Pizza,New Delhi,Pizza,3.05
18261151,Aujla's Punjabi Zaika,New Delhi,"North Indian, Chinese, Mughlai",3.05
18471328,The Black Kettle,Faridabad,"Fast Food, Beverages",3.05
18277008,Delhi Foods,Noida,North Indian,3.05
18254543,Peniel Restaurant,Noida,South Indian,3.05
18423122,Hira Lal Sweets,New Delhi,Mithai,3.05
18378026,Punjabi Chaska & Rasoi,New Delhi,North Indian,3.05
18471320,Finger Licious,Faridabad,Fast Food,3.05
18284048,Chinese Chilly Sizzler,Noida,Chinese,3.05
18382347,My Corn,Noida,Fast Food,3.05
18432941,Daya Sagar,New Delhi,"North Indian, Chinese, Mughlai",3.05
18360900,Gupta Bhojnalya,New Delhi,North Indian,3.05
18358168,Sam's 22,New Delhi,"Fast Food, Beverages",3.05
18472680,The Bakery,New Delhi,Bakery,3.05
303486,Call For Cuisine - Hotel Grenville,Gurgaon,"North Indian, Chinese",3.05
18355143,Shree Balaji Bhojnalaya,New Delhi,North Indian,3.05
18224540,Chilli Tadka Food Villa,New Delhi,"North Indian, Chinese",3.05
18455511,Apna Punjabi Zayka,New Delhi,North Indian,3.05
18494989,Games v/s Cafe,New Delhi,"Cafe, Beverages",3.05
9271,Raju De Special Paneer Wale,New Delhi,North Indian,3.05
18354672,Karol Bagh Ke Chhole Bhature,New Delhi,North Indian,3.05
18303815,Nanu Ki Rasoi,New Delhi,North Indian,3.05
7803,Bikaner Sweets,New Delhi,"Mithai, Street Food",3.05
18421476,Ravi Fast Food,Gurgaon,Fast Food,3.05
5483,Raj Rasoi,New Delhi,North Indian,3.05
18416747,Dolce Gelato,New Delhi,"Ice Cream, Beverages, Fast Food",3.05
18391171,Lily Food's,Gurgaon,"North Indian, Chinese",3.05
18332478,Apni Rasoi,New Delhi,"Chinese, North Indian",3.04
18438438,Aggarwal Bikaner Sweets,New Delhi,Bakery,3.04
18455515,Flavour's,New Delhi,Fast Food,3.04
18378062,Chakhna,New Delhi,"North Indian, Chinese",3.04
18485962,Bawarchi's Canteen,New Delhi,North Indian,3.04
18350870,It's Pizza Town,New Delhi,"Pizza, Fast Food",3.04
18352676,New Punjabi Tadka,Noida,"North Indian, Chinese",3.04
18466408,Desi Dhaba,New Delhi,North Indian,3.04
18418252,Bikaner Sweets & Restaurant,New Delhi,"Desserts, North Indian",3.04
311189,Yummy Rasoi,New Delhi,"North Indian, Fast Food",3.04
18414496,Anupama Sweets & Restaurant,New Delhi,"North Indian, Mithai",3.04
301932,Aggarwal Sweets & Bakers,New Delhi,"Desserts, Street Food",3.04
18373560,Bangali Restaurant,Noida,"North Indian, Mughlai, Chinese",3.04
18417576,Cafe Krisa,Noida,"Bakery, Desserts",3.04
18435790,Sadda Adda 2 Cafe & Lounge,Noida,Cafe,3.04
18438446,Madras Cafe,New Delhi,South Indian,3.04
18441706,Himalaya Momos,New Delhi,Fast Food,3.04
18471248,Hot & Spicy,Gurgaon,"North Indian, Chinese, South Indian, Fast Food",3.04
18440416,Mx Corn,Noida,Fast Food,3.04
6230,China Town,New Delhi,"South Indian, Chinese",3.04
18424582,Meatwale.com,New Delhi,Raw Meats,3.04
18396942,Craving Cure,New Delhi,Chinese,3.04
18429180,Wah Wah Chicken Corner,New Delhi,North Indian,3.04
305238,Bikaner Sweets & Pastry Corner,New Delhi,"Mithai, Street Food",3.04
18425758,Aggarwal Sweets,New Delhi,"Mithai, Street Food",3.04
18424615,Aggarwal Sweets,New Delhi,"Mithai, Street Food",3.04
302573,Quality Restaurant,New Delhi,North Indian,3.04
18255168,Lets Eat Veg,New Delhi,North Indian,3.04
311014,Chocofairies,New Delhi,Bakery,3.04
18354998,Kirti Food Plaza,New Delhi,North Indian,3.04
18425178,Al Meraj Chicken Shop,New Delhi,"Awadhi, Mughlai",3.04
18418268,Maa Vaishno Dinesh Dhaba,New Delhi,North Indian,3.04
18471284,Muradabadi Chicken Biryani Corner,Faridabad,Mughlai,3.04
18311959,Giani's,Gurgaon,"Ice Cream, Desserts",3.04
18463955,Street Foods by Punjab Grill,Gurgaon,"Street Food, North Indian",3.04
18492103,New Sindhi Chicken Corner,New Delhi,"North Indian, Mughlai",3.04
18268344,Rasoi,New Delhi,North Indian,3.04
18489540,Pokhreli Kitchen,New Delhi,"South Indian, Nepalese",3.04
18430570,Shree Shyam Sweets,New Delhi,Street Food,3.04
18376475,Friends N Foods,New Delhi,Chinese,3.04
18472448,Ramu Ka Dhaba,New Delhi,Mughlai,3.04
312040,Pizza Station,New Delhi,Fast Food,3.04
18431187,Foodies,New Delhi,Chinese,3.04
18233572,Lazeez Zaika,New Delhi,"North Indian, Chinese",3.04
18025127,Bake My Day,New Delhi,"Bakery, Desserts, Fast Food",3.04
313137,KindBhutani's,New Delhi,"South Indian, Fast Food, Chinese",3.04
18381652,Chawla's Tandoori Junction,New Delhi,"North Indian, Mughlai",3.04
300801,Shree Balaji Caterers,New Delhi,"Mughlai, Fast Food",3.04
18423877,Shama Chicken Corner,Noida,Mughlai,3.04
305866,Mama Bhanja Corner,New Delhi,North Indian,3.04
304831,Khana Khazana,New Delhi,North Indian,3.04
18465802,Aradhya Restaurant,New Delhi,"Chinese, North Indian",3.04
309006,Sri Durga Dosa Corner,New Delhi,South Indian,3.04
9173,Jyoti Sweets,New Delhi,Mithai,3.04
300961,Shree Sai Bhog,New Delhi,"Chinese, North Indian, South Indian",3.04
18363081,3x Cafe,New Delhi,"Fast Food, Desserts, Beverages",3.04
18265700,Faeem Chicken Corner,New Delhi,Mughlai,3.04
304062,Jai Jagannath Hotel,Faridabad,South Indian,3.04
18277177,Aggarwal's Bikaner Mishthan Bhandar,Faridabad,"Mithai, South Indian, Chinese, Street Food",3.04
18449785,Krishna Restaurant,Gurgaon,"North Indian, South Indian, Chinese, Fast Food",3.03
18423139,Let's Noodle,Noida,Chinese,3.03
18424577,Chinese Fast Food Corner,Noida,Chinese,3.03
18408037,Allishan Family Restaurant,New Delhi,North Indian,3.03
313076,Harmann Restaurant,Faridabad,"North Indian, South Indian, Chinese",3.03
311009,Singh Chicken,New Delhi,North Indian,3.03
18261710,Classic Chef Corner,New Delhi,"Chinese, North Indian",3.03
308900,T-2 Di Hatti,New Delhi,Street Food,3.03
301885,Milan Shudh Vaishno,New Delhi,North Indian,3.03
18421459,Madras Cafe,New Delhi,"South Indian, Chinese",3.03
312041,Wah Shah Ji Wah,New Delhi,North Indian,3.03
18312644,Ashoka's Ice Zone,New Delhi,"Ice Cream, Beverages",3.03
301786,Bhagat Ji Sweets,New Delhi,Fast Food,3.03
17989110,Sher e Punjab Rasoi,New Delhi,North Indian,3.03
18288644,Sardar A Pure Meat Shop,New Delhi,"Raw Meats, Fast Food, North Indian",3.03
18438456,Green Valley Chinese Food,Noida,Chinese,3.03
18432192,Vishnu Ki Rasoi,Noida,North Indian,3.03
18472443,Bikaner Misthan Bhandar,Faridabad,"Mithai, Street Food, Fast Food",3.03
18368025,Funduz Cafe,New Delhi,Fast Food,3.03
300791,West Bangal Kolkata Hot Kathi Rolls,New Delhi,Fast Food,3.03
18365986,Batra Chinese Food & Chaap,New Delhi,Chinese,3.03
18419897,Shahi Muradabadi & Hyderabadi,New Delhi,Mughlai,3.03
18412894,Cake Walk,New Delhi,"Bakery, Fast Food",3.03
845,Milan Food,New Delhi,"Chinese, North Indian",3.03
18418232,Cafe Hot Pot,Noida,Fast Food,3.03
18431181,Diya Chinese Food,New Delhi,Chinese,3.03
18431159,Hyderabadi & Muradabadi Chicken Corner,New Delhi,Mughlai,3.03
18375372,Mr. Baker's,New Delhi,Bakery,3.03
18363051,Chaap Chaska,New Delhi,"North Indian, Mughlai",3.03
18367979,Mohan Chaat Corner,New Delhi,"North Indian, Chinese",3.03
18492042,Bikaner Sweets Snacks & Restaurant,Gurgaon,"Bakery, Chinese, North Indian",3.03
18489541,Aggarwal Sweets,New Delhi,"Mithai, South Indian, Street Food",3.03
18361580,Pao King,Gurgaon,Street Food,3.03
18107851,Delhite P??tisserie,New Delhi,Bakery,3.03
18429188,Vishal Snacks,New Delhi,"North Indian, Chinese, South Indian",3.03
18431173,Kairi The Royal Taste,New Delhi,"North Indian, South Indian, Chinese",3.03
311683,Dragun Hut,New Delhi,Chinese,3.03
307521,Da Bawarchi,New Delhi,"North Indian, Street Food",3.03
308128,Yadav Chaat Bhandar,New Delhi,Street Food,3.03
18352180,Ok Indian & Chinese Food Corner,New Delhi,North Indian,3.03
18474432,Tandoori Mystery,Noida,North Indian,3.03
18355145,Janta Canteen,New Delhi,North Indian,3.03
18381258,Hot Chilli Food Plaza,Noida,"North Indian, South Indian",3.03
18371399,Bengali Restaurant,New Delhi,"Bengali, Chinese",3.03
18377929,Chaman Dhaba,New Delhi,North Indian,3.03
18350142,Adventure Food,Gurgaon,Fast Food,3.03
8718,Hans Fast Food Center,New Delhi,"Fast Food, Desserts",3.03
18381643,Shri Bikaner Misthan Bhandar,Faridabad,"Mithai, Street Food",3.03
18451166,Magic Mo:Mo Corner,New Delhi,"Chinese, Fast Food",3.03
18378023,Teens Cafe Fast Food,New Delhi,Chinese,3.03
312860,Shanghai Chinese Food,New Delhi,Chinese,3.03
18455950,Eat & Gulp,New Delhi,"Fast Food, Italian",3.03
18383448,Swad E Punjab,Noida,North Indian,3.03
18378035,Bikaner Rasoi,New Delhi,North Indian,3.03
18424661,Bikaner Rasoi,New Delhi,North Indian,3.03
18317486,Flying Tandoor,Faridabad,"North Indian, Fast Food",3.03
18361222,Dinesh Meat Wala,New Delhi,Mughlai,3.02
303468,Mahavir Sweets,New Delhi,Mithai,3.02
18426112,Bhojanam4u,Noida,North Indian,3.02
18282003,U Like,New Delhi,Bakery,3.02
18435818,Tasteful Biryani,Gurgaon,Biryani,3.02
18425175,D.A.A.,New Delhi,Chinese,3.02
18369770,Paras Corner,New Delhi,Chinese,3.02
18466939,Maa Kali Foods,Faridabad,Chinese,3.02
311248,Adi's Restaurant,New Delhi,North Indian,3.02
18391133,Chauhan Hotel,Gurgaon,North Indian,3.02
18366008,Madan Sweets & Bakers,New Delhi,Mithai,3.02
18161591,Mangal Ji and Gupta Ji Dhaba,New Delhi,North Indian,3.02
18324432,Chaska Food Corner,Gurgaon,"Chinese, North Indian",3.02
18423101,Kebabish,New Delhi,North Indian,3.02
18486869,Hot & Tasty,New Delhi,Chinese,3.02
18414511,JD's Restaurant,New Delhi,"North Indian, Chinese",3.02
18466407,United Kitchen,Faridabad,Fast Food,3.02
18252364,Republic of Chicken,Noida,"Raw Meats, Fast Food",3.02
18277176,Saraswati Food Corner,New Delhi,"Chinese, North Indian, South Indian",3.02
18312623,Viceroy Bar - Hotel Classic Diplomat,New Delhi,North Indian,3.02
18409206,Twenty Four Seven,New Delhi,"Fast Food, North Indian",3.02
18124350,Delhi Chaat Bhandar,New Delhi,"Fast Food, Chinese",3.02
18435803,Yum Yum,New Delhi,"Pizza, Burger, Fast Food",3.02
18274332,Love to Wish,Gurgaon,"Bakery, Desserts",3.02
18438426,Hot & Chilly Point,New Delhi,Chinese,3.02
18452730,Delicieux Ice Cream Rolls,Faridabad,"Ice Cream, Desserts, Beverages",3.02
18380159,Kulcha King,Faridabad,North Indian,3.02
18383442,Ahaar Udyan,Noida,"North Indian, Chinese",3.02
18489805,Burger Wala,New Delhi,"Burger, Fast Food",3.02
18425739,The Cake Basket,New Delhi,Bakery,3.02
18488864,PIE,New Delhi,"Desserts, Ice Cream, Pizza",3.02
8108,Muradabadi Chicken Biryani & Dhaba,New Delhi,North Indian,3.02
18378025,Foodie Singh,New Delhi,North Indian,3.02
18431151,KGN Chicken Corner,New Delhi,Mughlai,3.02
18378581,Maggi Point,New Delhi,"Chinese, North Indian",3.02
313089,Evergreen Tandoori Night,Faridabad,North Indian,3.02
18377919,Bikaner Sweets & Restaurant,New Delhi,"North Indian, Chinese, South Indian",3.02
18439535,Pitstop,Noida,"North Indian, Mughlai, Mughlai",3.02
18449788,Delhi Chaap Express,New Delhi,North Indian,3.02
18432232,A1 Restaurant,Noida,North Indian,3.02
18433905,The Golden Spoon,Noida,Chinese,3.02
18312572,Avatar Da Dhaba,New Delhi,North Indian,3.02
18371405,Brahm Point Fast Food,New Delhi,"Fast Food, Chinese",3.02
18441665,Tea Nation,Noida,"Fast Food, Beverages",3.02
18486861,Biryani Point,New Delhi,"South Indian, Biryani",3.02
18429186,Shahi Hyderbadi Biryani,New Delhi,Mughlai,3.02
18355111,Munch Brunch Cafe,New Delhi,"Street Food, Chinese",3.02
18350138,Dheeraj Vaishno Dhaba,Gurgaon,North Indian,3.02
18441663,Cafe Coffee Day,Noida,Cafe,3.02
18295497,Milko Sweets Corner,New Delhi,"Mithai, Street Food",3.02
18451179,Hot & Hot Shudhir Chinese Point,New Delhi,"Chinese, Fast Food",3.02
18462602,Delicious Food Corner,Gurgaon,North Indian,3.02
18434243,Giani's,Faridabad,"Ice Cream, Desserts",3.01
304750,Om Bikaner Sweets,Noida,Mithai,3.01
18409196,Twenty Four Seven,Noida,"Fast Food, North Indian",3.01
18461352,Rupa Bangali Dhaba,New Delhi,"North Indian, Mughlai",3.01
3479,K.K. Fast Food Service,New Delhi,North Indian,3.01
18432190,Chicago Pizza,Noida,Pizza,3.01
18489533,Bhawani Restaurant,New Delhi,"North Indian, Mughlai, Chinese",3.01
18435787,Kailash Vaishno Dhaba,New Delhi,North Indian,3.01
18471304,Twin Brothers,Faridabad,Fast Food,3.01
9876,Vijay Store,New Delhi,"Fast Food, Street Food",3.01
18470757,Rasoi - The Indian Zaika,New Delhi,North Indian,3.01
18354987,Foodies,New Delhi,North Indian,3.01
18294222,Kalka Ji Rasoi,New Delhi,"Street Food, Chinese",3.01
18409182,Twenty Four Seven,Noida,Fast Food,3.01
18393448,Healthy Nutrienty,New Delhi,"Beverages, Healthy Food",3.01
311866,Mx Corn,Gurgaon,Fast Food,3.01
18409189,Just Veg,New Delhi,Chinese,3.01
18352672,Bollywood Khana,New Delhi,"North Indian, Fast Food",3.01
18435320,Hot Chinese & Fast Food,New Delhi,Chinese,3.01
18378042,Pizza Hub,New Delhi,Pizza,3.01
301822,Kwality Sweet Corner,New Delhi,"Chinese, Mithai",3.01
302411,Bikaner Sweets,New Delhi,"Mithai, Street Food",3.01
18471262,New Dilight,Faridabad,"North Indian, Mughlai, Chinese",3.01
313073,Giani's,New Delhi,"Ice Cream, Desserts",3.01
18489532,Gujjar Dhaba,New Delhi,"Mughlai, North Indian",3.01
18409180,Twenty Four Seven,New Delhi,"Fast Food, North Indian",3.01
18430569,Pind Balluchi,New Delhi,"North Indian, Mughlai",3.01
18421485,Bikaner Restaurant,New Delhi,North Indian,3.01
18082236,Sonu Bhojanalya,New Delhi,North Indian,3.01
8169,Bangali Sweets & Restaurant,Faridabad,Mithai,3.01
18124352,Shubham Vaishno Bhojanalya,New Delhi,North Indian,3.01
311166,Sun Sweets Restaurant,Gurgaon,"Street Food, Mithai, North Indian, South Indian, Chinese",3.01
18377912,Zaika-e-Dilli,New Delhi,North Indian,3.01
18430582,Bake Walkers,Noida,"Bakery, Desserts",3.01
18107855,The Tandoor Hut,New Delhi,"North Indian, Mughlai",3.01
18312459,Pandey Ji Restaurant,New Delhi,"North Indian, Chinese",3.01
18357557,Shri Ram Sweets,New Delhi,"South Indian, Street Food, Chinese",3.01
18445740,Kanha Cake O' Pastry,Noida,Bakery,3.01
18368012,Sardar Ji Take Away & Caterers,New Delhi,"North Indian, Chinese",3.01
308489,Friends Cafe,New Delhi,North Indian,3.01
18153550,Sumona Restaurant,New Delhi,North Indian,3.01
18378032,Asia,New Delhi,North Indian,3.01
18391145,Uttrakhand Bohra Bhojnalaya & Fast Food,Gurgaon,North Indian,3.01
309654,Ahata,Faridabad,North Indian,3.01
18277216,Uttrakhand Dhaba,Gurgaon,North Indian,3.01
312027,Ajeet Fast Food Corner,New Delhi,Fast Food,3.01
18429417,Dragon Way,New Delhi,"Chinese, Fast Food",3.01
18421464,Omi Pizza,New Delhi,Fast Food,3.01
18440427,Savoury Street,Noida,"North Indian, Continental, Italian",3.01
18261719,Sethi's Express,New Delhi,"South Indian, North Indian, Chinese",3.01
7484,Super Star Restaurant,New Delhi,North Indian,3.01
313163,A Patisseries Gallery,New Delhi,"Bakery, Desserts",3.01
18449658,Dilli Rasoi,Gurgaon,North Indian,3.01
302871,Punjabi Chicken,New Delhi,North Indian,3.01
304441,Aggarwal Bikaneri Sweets & Restaurant,Noida,"Street Food, Mithai",3.01
304338,Evergreen Food Point,Noida,"Mithai, Street Food",3.01
18421492,Zayka chicken restaurant,New Delhi,"North Indian, Biryani",3.01
18462571,Happy Hours,New Delhi,"Chinese, Fast Food",3.01
18396341,Tikka Express meets Chennai Express,Noida,"Fast Food, North Indian, South Indian",3.01
18292453,Shri Bala Ji Rasoi,New Delhi,North Indian,3.01
304439,Baba Chinese Fast Food,Noida,Chinese,3.01
18369751,Shyam Rasoi,New Delhi,North Indian,3.01
18471330,Golden Bakery,New Delhi,Bakery,3.01
18423145,Rai Ji Caterers,New Delhi,North Indian,3.01
18466393,Food Factory,New Delhi,"Chinese, Fast Food",3.01
313078,Domino's Pizza,Gurgaon,"Pizza, Fast Food",3.0
18427204,Ku-Kukdu-Ku,Gurgaon,North Indian,3.0
18388039,Go! Dimsum,Gurgaon,Chinese,3.0
18489804,Vandana Food Corner,New Delhi,"Fast Food, North Indian, South Indian",3.0
302475,Apna Dhaba,New Delhi,North Indian,3.0
18421493,Bala Ji Sweets Corner,Gurgaon,"Mithai, Street Food",3.0
18464616,Chinese Hot Express,Gurgaon,Chinese,3.0
18377449,Aapki Rasoi,Faridabad,North Indian,3.0
18419501,Pick & Carry,New Delhi,Fast Food,3.0
18440163,Zaika Restaurant,New Delhi,"Mughlai, North Indian",3.0
18416741,Urban Palate,New Delhi,Fast Food,3.0
18430895,Rana Dhaba,Noida,North Indian,3.0
18252394,Green Valley Chinese Food,Noida,Chinese,3.0
310775,New Shahi Chinese Fast Food,Noida,Chinese,3.0
18336477,Chilli Tadka,New Delhi,North Indian,3.0
18289272,Massi's Kitchen,New Delhi,North Indian,3.0
311199,Sai Bhojanalay,New Delhi,North Indian,3.0
18477658,52 Food Express,Noida,"North Indian, Chinese",3.0
18281160,Kitchen Express,Noida,North Indian,3.0
18435336,Brijwasi Sweets,Noida,"Mithai, Fast Food",3.0
18352264,Ravi Ke Parathe,New Delhi,North Indian,3.0
18414494,Shere-E-Punjab,New Delhi,"North Indian, Chinese",3.0
18421461,Spl. Flavour Sodas & Fruit shakes,New Delhi,Juices,3.0
18354994,Chinese Food Corner,New Delhi,"Chinese, North Indian",3.0
18378039,Pizza Hub,New Delhi,Pizza,3.0
18378037,Prem Rasoi,New Delhi,North Indian,3.0
306180,Sapna Restaurant,New Delhi,"North Indian, Chinese",3.0
301907,Sargam Sweets,New Delhi,"Desserts, Street Food",3.0
18312451,Kwality wall's swirl's,Gurgaon,Ice Cream,3.0
18449656,The Food Garage,Gurgaon,"Chinese, North Indian",3.0
18460299,New Punjabi Chaap Corner,New Delhi,Chinese,3.0
18332442,Dabbba Wala Home Away,New Delhi,North Indian,3.0
18466931,Apna Restaurant,Faridabad,North Indian,3.0
18464607,Chings Chinese,Faridabad,Chinese,3.0
18464631,Food On Wheels,Faridabad,Chinese,3.0
18433542,Mayur Kitchen,Noida,"North Indian, Mughlai",3.0
18292444,Touch of Spice,Faridabad,"Chinese, North Indian",3.0
18287397,Mom's Kitchen,Faridabad,North Indian,3.0
18454568,Pompas Chicken,New Delhi,North Indian,3.0
18456774,Pishori Chicken Corner,New Delhi,"Mughlai, Fast Food",3.0
9855,Hirdesh Eating Point,New Delhi,North Indian,3.0
18472669,Dietpoint,Gurgaon,"Chinese, North Indian",3.0
18409730,Night Munchies,Noida,"North Indian, Chinese, South Indian",3.0
18441711,Sonu Parantha Corner,Noida,North Indian,3.0
18440169,Foodizm,New Delhi,"North Indian, Chinese",3.0
18446418,Punjabii Tandoor,Faridabad,"North Indian, Mughlai",3.0
304230,Pastry Palace,New Delhi,Bakery,3.0
18423861,Wah Ji Wah,New Delhi,"North Indian, Chinese",3.0
18435292,Wow Noodle,Noida,Chinese,3.0
18489806,The Tasty Corner,Noida,"North Indian, Chinese",3.0
18419919,Maan Singh Halwai,New Delhi,Mithai,3.0
311993,Riddhi Siddhi Restaurant,New Delhi,"North Indian, Fast Food",3.0
18377910,Chinese Delight,New Delhi,Chinese,3.0
18469937,Purani Dilli Da Swad,Faridabad,"Street Food, Fast Food",3.0
18472618,Adda The Spice Affair,New Delhi,"North Indian, Chinese",3.0
18423876,Madras Cafe,New Delhi,South Indian,3.0
302427,Mehak Restaurant,New Delhi,"North Indian, South Indian",3.0
6237,Pakiza Restaurant,New Delhi,"North Indian, Mughlai",3.0
312161,Flavours Of London,New Delhi,"Ice Cream, Bakery",3.0
18489825,Cake And Bakes,New Delhi,Bakery,3.0
18435321,Meatwale.com,Noida,"Raw Meats, Fast Food",3.0
306747,Nand Bhai Chholey Bhature,New Delhi,Street Food,3.0
18471296,Little Cafe,Faridabad,"Fast Food, Beverages",3.0
18432236,Foodies Park,Noida,"Chinese, North Indian",2.99
18352161,Chocolate Therapy by Nishi,Noida,Bakery,2.99
18489819,Chinese Corner,New Delhi,Chinese,2.99
301809,Om Sweets & Caterers,New Delhi,North Indian,2.99
18464634,Swagi Food Corner,New Delhi,"Chinese, Fast Food",2.99
304610,Sangeeta Dhaba,New Delhi,North Indian,2.99
18352171,Mogambo Kitchen,Gurgaon,North Indian,2.99
310515,Delight Express,Gurgaon,"Raw Meats, North Indian, Chinese",2.99
18469962,Oh My !,Faridabad,"North Indian, Chinese",2.99
18377902,Cafe Youth,New Delhi,Chinese,2.99
18463956,Shahi  Chicken Corner,Gurgaon,Mughlai,2.99
18492086,Maa Durga Food Corner,Noida,North Indian,2.99
18462613,Savour,Gurgaon,Biryani,2.99
18435795,Indian Special Hot Momos,Noida,Chinese,2.99
18435807,Shiv Murti Hotel,Noida,North Indian,2.99
18175299,Manna Sweets & Restaurant,New Delhi,"Mithai, Bakery, North Indian",2.99
18421451,Knights Kitchen,Gurgaon,North Indian,2.99
18289261,Million Kitchen,New Delhi,"North Indian, South Indian, Bakery, Italian",2.99
18244407,The Backyard Chef,Noida,North Indian,2.99
18449666,Rustic Flavours,Gurgaon,North Indian,2.99
18449662,Lajawaab House Cafe,Gurgaon,"North Indian, South Indian, Chinese",2.99
18431183,Krishna Yummy Foods,New Delhi,North Indian,2.99
18357529,Mr. Bake,New Delhi,Bakery,2.99
18372674,Foresto Lawn & Restaurant,New Delhi,"North Indian, Mughlai, Chinese",2.99
18424209,Stuffed Kathi Roll,New Delhi,Fast Food,2.99
18336259,Vadilal Ice Cream Parlour,Noida,Ice Cream,2.99
18356795,Metropolitan Cafe,New Delhi,"North Indian, Chinese",2.99
18449651,Hook N Cook,New Delhi,Chinese,2.99
18382345,Kwality Wall's Swirl's,Noida,"Ice Cream, Desserts",2.99
18273617,Punjabi Tandoor,New Delhi,North Indian,2.99
18460293,Med E Taste,Faridabad,Mediterranean,2.99
18435819,Dada Ka,New Delhi,"Mughlai, Chinese",2.99
18466429,Pritam Tiffin Service,New Delhi,North Indian,2.99
18458302,Tinker Koch,New Delhi,North Indian,2.99
18440259,Recipe Tadka,New Delhi,North Indian,2.99
18377928,Tava & Tandoor,New Delhi,"North Indian, Chinese",2.99
302311,Pastry Place,New Delhi,"Bakery, Fast Food",2.99
18313605,Breadman Cake Shop,Noida,Bakery,2.99
18451827,Bean Machine & Co.,Noida,"Italian, Continental, American",2.99
18471723,Aadhya Bakery & Foods,Noida,"Bakery, North Indian",2.99
18406823,Momozone,New Delhi,Fast Food,2.99
18424902,All About Food,New Delhi,North Indian,2.99
8089,Chauhan Fast Food,Noida,"Chinese, North Indian, Fast Food",2.99
18489832,Lotus Kitchen,New Delhi,North Indian,2.99
18258762,Pastry Point,New Delhi,"Bakery, Fast Food",2.99
18277178,Hotel Aditi,New Delhi,North Indian,2.99
18175278,Shri Balaji Bhojnalaya,New Delhi,North Indian,2.98
303865,Shree Bikaner Mishthan Bhandar,Gurgaon,Mithai,2.98
18414497,Fourteen Eleven Tea Cafe,New Delhi,Fast Food,2.98
6216,Harish And Sonu Sudh Bhojnalya,New Delhi,North Indian,2.98
18495875,Momos Box,Noida,"Tibetan, Street Food",2.98
18377895,Shree Krishna Restaurant,New Delhi,"North Indian, Chinese",2.98
18435824,Hydrabad Biryani Express,Noida,North Indian,2.98
18421467,Momos Hi Momos,New Delhi,Chinese,2.98
18357551,Chinese Corner,New Delhi,"Chinese, South Indian",2.98
18445631,Kayasthas Food Junction,New Delhi,"Chinese, Fast Food",2.98
18419901,P.S. Chinese & Thai Food,New Delhi,Chinese,2.98
18463993,Gautam Bakery,Gurgaon,"Bakery, Fast Food",2.98
305181,Aakash Sweets & Caterers,New Delhi,"Mithai, Street Food",2.98
18438433,New Madras Cafe,New Delhi,"Street Food, Chinese",2.98
18435806,Crazzy Bite,New Delhi,Chinese,2.98
18368003,Foji Bhai Hotel,New Delhi,North Indian,2.98
307719,Shiparma Shri,Noida,North Indian,2.98
312146,Janta Special Lassi Corner,New Delhi,Street Food,2.98
18441700,Uttranchal Eating Point,New Delhi,"North Indian, Chinese, Fast Food",2.98
18421515,Maa Ka Khaana,Noida,North Indian,2.98
18312449,Green Chick Chop,New Delhi,"Raw Meats, Fast Food",2.98
18489534,Sunita Dhaba,New Delhi,North Indian,2.98
306743,Aggarwal Bikaner Wala,New Delhi,"Mithai, Street Food",2.98
18180072,Kolcata Bengali Dhaba,New Delhi,North Indian,2.98
313287,Flavors Of London,New Delhi,"Desserts, Ice Cream, Fast Food",2.98
18469981,Dana Pani,New Delhi,North Indian,2.98
18380146,Joshi Eating House,New Delhi,North Indian,2.98
18441696,Jain Restaurant,New Delhi,North Indian,2.98
18355115,Piyu Fast Food,New Delhi,Chinese,2.98
18390891,Top Burger,Noida,Fast Food,2.98
18441561,Aureo Dine & Bake House,Noida,"Bakery, Fast Food",2.98
18458540,Hungry Head,Faridabad,"Street Food, Fast Food",2.98
18261052,The Pirates Of China Town,New Delhi,Chinese,2.98
312967,Tasty Bites,Faridabad,"South Indian, Chinese, North Indian",2.98
18435293,Ayush Chicken Point,Noida,"North Indian, Mughlai, Chinese",2.98
312514,Maggi Point,Faridabad,Fast Food,2.97
18277023,Bread & Pasta,Noida,Fast Food,2.97
18383521,Ghar Ka Swad,Noida,"North Indian, Chinese",2.97
18258397,Nukkad Bites,Noida,"North Indian, South Indian, Bakery, Beverages",2.97
18435797,Mairu's,Noida,"North Indian, Chinese, Fast Food",2.97
18478990,Bhutani Chaap,New Delhi,"North Indian, Fast Food",2.97
18472646,Punjabi Rasoi,Faridabad,North Indian,2.97
18344518,Al-Aayat Mughlai Biryani,Noida,Biryani,2.97
305189,Yadav Sweets,New Delhi,"Mithai, Street Food",2.97
18361734,Baskin Robbins,Noida,Ice Cream,2.97
18420881,Kanak Kitchen,Noida,North Indian,2.97
18471235,Aditya Da Vaishno Dhaba,New Delhi,North Indian,2.97
18424200,Shahi Muradabadi Chicken Biryani,New Delhi,Biryani,2.97
18446082,Caf?? Kitchen,Faridabad,"North Indian, Chinese",2.97
18424208,Riyaz Biryani Corner,New Delhi,"Biryani, North Indian",2.97
18424654,New Aggarwal Sweets & Fast Food,New Delhi,"Mithai, Fast Food",2.97
7362,Vaishno Da Dhaba,New Delhi,North Indian,2.97
304782,Ramesh Caterers & Dhaba,New Delhi,North Indian,2.97
18396426,Dujal Cafe,Gurgaon,Chinese,2.97
18281813,Hurry Curry Express,Noida,"North Indian, Mughlai, Chinese",2.97
18460302,Khalsa Eating Point,New Delhi,North Indian,2.97
18356819,Mathura Lassi Wala,New Delhi,"North Indian, Chinese, South Indian",2.97
18449815,The Street- Curries & Grills,Faridabad,"North Indian, Mughlai, Continental",2.97
18234101,Cookie House,Noida,Bakery,2.97
18163927,Heavens Food Xprs,Noida,"North Indian, Mughlai, Chinese",2.97
18478987,Sher E Punjab,New Delhi,North Indian,2.97
18432223,SPL Food Corner,Noida,"Chinese, North Indian",2.97
18432196,Shri G,Noida,North Indian,2.97
18435286,Wraps Cafe,Noida,"Fast Food, North Indian",2.97
18393708,Wah Ji Wah,Gurgaon,North Indian,2.97
18418243,Uttarakhand Eating Point,New Delhi,North Indian,2.97
18431176,Salt & Peppers,New Delhi,Chinese,2.97
18401212,Chinese Chatorey Xpress,New Delhi,"Chinese, North Indian, Fast Food",2.97
18471318,Da Pizza Zone,Faridabad,Italian,2.97
9108,Aggarwal Sweets,New Delhi,"Mithai, Street Food, North Indian",2.97
18241516,Special No.1 Biryani Corner,Gurgaon,Mughlai,2.97
18425748,Sri Balaji,New Delhi,"South Indian, Chinese",2.97
302473,Cafe Highway,New Delhi,"Fast Food, Chinese",2.97
18286922,Tandoori Nature,New Delhi,North Indian,2.97
18355141,Abdullah Biryani Centre,New Delhi,Biryani,2.97
18417487,Prabhat Fast Food Corner,Gurgaon,"Chinese, North Indian",2.97
18020006,Gauranga Sweets,Noida,Mithai,2.97
310102,Birbal Ji Dhaba,New Delhi,North Indian,2.97
18425777,Lotes Bakes,New Delhi,Bakery,2.97
18441760,Alam Muradabadi & Hyderabadi Biryani,Noida,"Mughlai, Biryani",2.97
18396151,Chinese Hut,New Delhi,"Chinese, Fast Food",2.97
18291227,DudeFood,Noida,North Indian,2.97
18378040,Lazeez Foods,Noida,"North Indian, Mughlai, Chinese",2.97
18396180,Sheetla Dhaba,Gurgaon,North Indian,2.97
18463972,Shristi Happy Eats,Gurgaon,Street Food,2.97
18419915,Daawat-e-Mehak,New Delhi,"North Indian, Mughlai, Chinese",2.97
304493,Divya Hotal,Noida,North Indian,2.97
18486867,Alam Biryani,New Delhi,Biryani,2.97
18376513,Khalsa Dhaba,New Delhi,North Indian,2.97
18440436,New Shama Chicken Restaurant,New Delhi,Biryani,2.97
18440409,Om Sweets Caterers & Bakery,Noida,"Mithai, Bakery",2.97
18435805,South Indian Snacks Stall,Noida,South Indian,2.97
18441569,Moju Juice Bar,Noida,Beverages,2.97
18424640,Soni Food Court,New Delhi,North Indian,2.96
18371398,The Royal Prestige,New Delhi,"North Indian, South Indian",2.96
18424192,Zaika Chicken Corner,New Delhi,"Biryani, North Indian",2.96
18424188,Special Chicken Biryani,New Delhi,Biryani,2.96
18424638,Anupam Eating Point,New Delhi,North Indian,2.96
18363048,Hasty Tasty,New Delhi,Chinese,2.96
18377898,Anjali Resaturant,New Delhi,North Indian,2.96
18435313,Sector 55 China Town,Noida,Chinese,2.96
18382356,VP ki Kitchen,Noida,"North Indian, Mughlai, Chinese",2.96
7809,Welcome Fast Food & Parantha,New Delhi,"Chinese, Fast Food",2.96
18345771,Foodieholic,New Delhi,"Chinese, North Indian, South Indian",2.96
18354663,Sardar A Pure Meat Shop,New Delhi,"Raw Meats, Fast Food",2.96
18447302,Wakhra Swag,New Delhi,"South Indian, Chinese, Fast Food",2.96
18384109,Madras Coffee House,Noida,Beverages,2.96
18489545,Rajdhani Restaurant,New Delhi,North Indian,2.96
18312485,Cafe Coffee Day,Noida,Cafe,2.96
18427237,Grill Inn,Noida,Fast Food,2.96
18440390,Food Plaza,Noida,"North Indian, Chinese",2.96
18347548,Hotel Green View Palace,Noida,"North Indian, Chinese, South Indian",2.96
18393288,Fresh Meat CO,New Delhi,"Raw Meats, Fast Food",2.96
18372666,The Darjiling Delicious Chinese Food,New Delhi,Chinese,2.96
8062,Aman Vaishno Dhaba,New Delhi,North Indian,2.96
9233,Aggarwal Sweets And Caterers,Faridabad,"Mithai, Street Food",2.96
18372299,Pizza King,New Delhi,Pizza,2.96
18244429,Raj Shri,New Delhi,North Indian,2.96
304771,Bansiwala Sweets,Gurgaon,"Street Food, Mithai",2.96
309341,Radha Swami Shudh Vaishno Dhaba,Gurgaon,North Indian,2.96
18471289,Bikaner Sweets & Restaurant,Gurgaon,"North Indian, Street Food, Mithai",2.96
301775,Pizza Day,New Delhi,"Pizza, Fast Food",2.96
306749,Vikram Ji Snacks,New Delhi,Fast Food,2.96
18216703,Muncheezz,New Delhi,Chinese,2.96
18368020,Balaji Eating Point,New Delhi,North Indian,2.96
18423867,Aggarwal Sweet India,New Delhi,"Mithai, Fast Food",2.96
18463992,Swami Vaishno Dhaba,Gurgaon,North Indian,2.96
18361757,Raja Chinese Foods & Snacks,New Delhi,Chinese,2.96
5702,Sanjay Pandit Bhojnalaya,Noida,North Indian,2.96
304487,Aggarwal Sweets India,Noida,"Mithai, Street Food",2.96
304502,Sharma Hotel,Noida,North Indian,2.96
18423878,Aggarwal Bikaner Sweets Corner,New Delhi,"Mithai, Fast Food",2.96
18381674,The Zaika King,Noida,"North Indian, Mughlai",2.96
18366001,Baba Ka Dhaba,New Delhi,North Indian,2.96
18441766,Tod-Bistro Cafe,Noida,Fast Food,2.96
18469949,Shawarma Wala,New Delhi,Fast Food,2.96
9496,Shankar Sweets,Faridabad,"Mithai, Street Food",2.96
18471308,Burger Xpress,Faridabad,"Fast Food, Chinese, Burger",2.96
18359294,Dilli Grillz,New Delhi,"North Indian, Chinese",2.96
18254559,Platters,Noida,"North Indian, Chinese",2.96
18415377,Sunil Punjabi Dhaba,New Delhi,North Indian,2.96
312972,Shama Muradabadi,New Delhi,"North Indian, Biryani",2.96
302011,Anupama Snacks and Sweets Corner,New Delhi,Mithai,2.96
18268694,Doon Dhaba,Noida,"North Indian, Chinese",2.96
18424598,Green Chick Chop,Noida,"Raw Meats, North Indian, Fast Food",2.96
18381667,Food Weavers,Noida,"Chinese, North Indian",2.96
312848,Punjabi Tadka,New Delhi,North Indian,2.96
18431177,Biryani Express,New Delhi,Biryani,2.96
18424202,Famous Parantha and Poori Sabzi,New Delhi,North Indian,2.96
18424648,Aggarwal Sweets,New Delhi,"Mithai, Street Food",2.96
18424656,Rudra The Dhaba,New Delhi,North Indian,2.96
18322688,Ghar Ka Khana,Noida,North Indian,2.96
8033,Tip Top Eating Corner,New Delhi,North Indian,2.96
18354988,Jaca Restaurant,New Delhi,"North Indian, Chinese",2.96
307950,Punjabi Chicken,New Delhi,North Indian,2.96
304254,Anupam Hotel,New Delhi,North Indian,2.96
304730,Brijwasi Sweet and Namkeen,New Delhi,"Street Food, Mithai",2.96
18463996,Singh Terrace Grill,Gurgaon,North Indian,2.96
8037,Bikaner Sweets & Bakers,Faridabad,"Mithai, Street Food",2.95
18229077,Zawlbuk,New Delhi,Tibetan,2.95
18396191,VK Food Court,Gurgaon,"North Indian, Chinese",2.95
18435288,Green Chick Chop,Noida,"Raw Meats, North Indian, Fast Food",2.95
18490756,Munchies Midnight Delivery,New Delhi,"Continental, Italian, Fast Food",2.95
18415977,Frozen Grillz,Noida,"Raw Meats, North Indian, Fast Food",2.95
18025096,Subhash Punjabi Family Dhaba,New Delhi,North Indian,2.95
9299,Aggarwal Sweet Corner,Faridabad,Mithai,2.95
18415381,Hungry Buddies,Noida,North Indian,2.95
7096,Shree Shyam Bhojnalaya,Gurgaon,North Indian,2.95
309971,Pizza Junction,Noida,"Fast Food, Pizza",2.95
18469970,Dove And Mouse,Noida,"Cafe, Desserts",2.95
18489808,Swadist Bhojnalaya,New Delhi,"Chinese, North Indian",2.95
18396178,Anisha Restaurant,Gurgaon,"North Indian, Mughlai",2.95
18468948,Royal King,Noida,"North Indian, South Indian, Street Food",2.95
18255132,The Grand,Noida,"Raw Meats, Fast Food",2.95
18423905,Nishaj Chicken Corner,New Delhi,North Indian,2.95
304937,Standard Sweets & Confectioners,Noida,"Mithai, Street Food",2.95
18265692,Riyaz Biryani Corner,Noida,Biryani,2.95
18375390,Cafe Mom,New Delhi,North Indian,2.95
18435295,Amazing Burgers,Noida,"Burger, Fast Food",2.95
18424631,Chinese Hot,Noida,Chinese,2.95
18424642,Pawan Foods,New Delhi,"Chinese, North Indian",2.95
18383444,Costa Coffee,Noida,Cafe,2.95
18423870,South Cafe,New Delhi,"Fast Food, South Indian",2.95
18356797,Jain Sweets & Bakers,New Delhi,"North Indian, Mithai",2.95
300156,Radha Swami Shudh Vaishno Dhaba,Gurgaon,North Indian,2.95
306733,Aggarwal Sweet Centre,New Delhi,North Indian,2.95
305190,New Sharma Chicken Corner,New Delhi,"North Indian, Biryani",2.95
312287,Tandoori Junction,Noida,North Indian,2.95
18440394,South Indian & Chinese Fast Food,New Delhi,"South Indian, Chinese, Fast Food",2.95
18492041,Bala Ji Raja Dhaba,Noida,North Indian,2.95
18441772,Tiffinhunt,Noida,North Indian,2.95
302221,Bikaner Sweet Corner,New Delhi,"Mithai, Street Food",2.95
18419917,Tandoor & Curry Restaurant,New Delhi,"North Indian, Chinese",2.95
18393406,Brijwasi Dhaba,Noida,North Indian,2.95
18414467,Chatori Zubaan Chur Chur Naan,New Delhi,North Indian,2.95
302782,Rastogi Sweets & Caterers,New Delhi,"Mithai, Street Food",2.95
18350153,Dev Restaurant,Gurgaon,"North Indian, Chinese",2.95
313360,Mitra Da Dhaba,New Delhi,"North Indian, Chinese",2.94
18423889,Annapoorna Bhojanalya,New Delhi,North Indian,2.94
18478992,Retro Kichen,New Delhi,"Chinese, North Indian",2.94
18415339,Dilkhush Punjabi Dhaba,New Delhi,North Indian,2.94
18089212,Riyaz Chicken Corner,New Delhi,Biryani,2.94
18388148,Beyond Food,Noida,North Indian,2.94
18427216,City Dhaba,Faridabad,"North Indian, Chinese",2.94
18425738,Sher -E- Punjab,New Delhi,North Indian,2.94
18313786,L'amore,Noida,"Bakery, Desserts, Fast Food",2.94
18433898,The Food Factory,Noida,North Indian,2.94
18439544,Royal Spice,Noida,North Indian,2.94
18358190,Cafe Coffee Day,Noida,Cafe,2.94
18431171,Cook & Connect,New Delhi,"North Indian, Mughlai, Chinese",2.94
18382337,Cream Bell Scoopers,Noida,Ice Cream,2.94
18441563,China Town,Noida,Chinese,2.94
302314,G+,New Delhi,Mithai,2.94
18453186,Sanjha Chulha,New Delhi,"North Indian, Mughlai",2.94
18313119,Pakeeza Restaurants,New Delhi,Mughlai,2.94
18312455,Hussain - UP Ki Mashoor Biryani,New Delhi,Biryani,2.94
18423904,RD's Authentic Aroma,Gurgaon,"North Indian, South Indian, Chinese",2.94
18463994,Panther Restaurant,Gurgaon,"North Indian, Chinese",2.94
18441559,Taste of Punjab,Noida,North Indian,2.94
18382348,Spicy Punjabi Tadka,Noida,North Indian,2.94
18463989,Bansiwala Rasoi,Gurgaon,Street Food,2.94
18126119,Food Hut,Noida,North Indian,2.94
18357554,Bhashi Caterers,New Delhi,North Indian,2.94
301675,Lush,New Delhi,"Afghani, North Indian, Pakistani, Arabian",2.94
18357534,Malabar Style Kitchen,New Delhi,Kerala,2.94
17989108,Dinesh Ka Mithila Dhaba,New Delhi,North Indian,2.94
18489807,Dolphin - The Food Cafe,New Delhi,"North Indian, Mughlai, Chinese",2.94
18358663,Dhaba Cash 'n' Carry Kitchen Chur Chur Naan,New Delhi,North Indian,2.94
18168164,Pizza Corner,New Delhi,"Pizza, Fast Food",2.94
6913,Mughal Chicken Corner,Gurgaon,"North Indian, Mughlai",2.94
18438463,Choksi Chinese,New Delhi,Chinese,2.94
5927,Aggarwal Sweets & Restaurant,Gurgaon,Mithai,2.94
311256,A One Muradabadi,New Delhi,North Indian,2.94
18425772,King Of Roll,New Delhi,Fast Food,2.94
18414487,Kettle & Kegs,Gurgaon,Tea,2.94
18373828,Parul's Cooking Hub,Noida,North Indian,2.94
18463987,Bansiwala Bakery,Gurgaon,"Bakery, Fast Food",2.93
18419113,Shaivi's Kitchen,Noida,"North Indian, South Indian, Chinese",2.93
18481290,Biryani & Rolls,Gurgaon,North Indian,2.93
18244261,Indochi Cafe & Restaurant,Gurgaon,"North Indian, Mughlai, Chinese",2.93
18432030,Angelena Restaurant,New Delhi,"North Indian, Chinese",2.93
301867,Munna Bakery,New Delhi,Bakery,2.93
18433873,Chef's Curry,Noida,"North Indian, Mughlai, Chinese",2.93
313103,Brown Town,Noida,Bakery,2.93
18237719,Royal Spice,New Delhi,"Continental, North Indian, South Indian",2.93
18375395,Romano's Pizza,New Delhi,Pizza,2.93
18423865,Bikaner Sweets & Bakers,New Delhi,"Mithai, Fast Food",2.93
18216323,SPL Foods Plaza,Noida,"North Indian, Chinese",2.93
18377888,Pawar's Food Court Inc.,New Delhi,North Indian,2.93
18128876,D Food,New Delhi,"Chinese, Fast Food, North Indian",2.93
308908,Aggarwal Petha Store and Bakers,New Delhi,"Bakery, Mithai",2.93
18435311,Ex- Taj Foods,New Delhi,North Indian,2.93
18462716,Delhi Mughlai Biryani,Noida,Biryani,2.93
18381265,Food N Shakes,New Delhi,"Chinese, Fast Food",2.93
308717,New Dragon Chinese Fast Food  & Paranthey Wala,Noida,Chinese,2.93
18358206,Madras Cafe,New Delhi,South Indian,2.93
18317329,Desi Chulha,New Delhi,"North Indian, Chinese",2.93
9178,Kashyap Vaishno Dhaba,Faridabad,North Indian,2.93
302042,Aggarwal Sweet India,New Delhi,Mithai,2.93
18232109,Kolkata Biriyani On Call,New Delhi,Biryani,2.92
18419911,Kashmiri Wazwan,New Delhi,Kashmiri,2.92
18380180,The Street Kitchen,Faridabad,"North Indian, Chinese",2.92
302835,Aggarwal Jalebi Wale,New Delhi,Street Food,2.92
17989106,New China Town,New Delhi,Chinese,2.92
312153,Green Chilli,New Delhi,Chinese,2.92
18231755,Aggarwal Sweets Centre,New Delhi,"Mithai, Street Food, North Indian, South Indian",2.92
18375376,Muradabadi Chicken Corner,New Delhi,Mughlai,2.92
18425768,S.R. Bakers,New Delhi,Bakery,2.92
306657,N.S. Pizza Point,New Delhi,Pizza,2.92
18128872,Pizza Hub,New Delhi,"Fast Food, Pizza",2.92
312240,Super Cake Shop,Noida,Bakery,2.92
18479001,Delhi Biryani Hut,New Delhi,Mughlai,2.92
18441557,The Royal Kitchen,Noida,"North Indian, Chinese",2.92
18492062,Dilli Light,Gurgaon,"North Indian, Chinese",2.92
310581,Kamal Chat Bhandar,New Delhi,Street Food,2.92
301914,Khalsa Chicken Corner,New Delhi,"North Indian, Mughlai",2.92
18435297,Friend's Restaurant,Noida,"North Indian, Chinese",2.92
18449816,Pizza King,Gurgaon,"Pizza, Fast Food",2.92
311629,Illusion The Lounge Bar - Hotel Clark Inn Gurgaon,Gurgaon,"North Indian, Chinese",2.92
302046,Subhan Chicken Biryani,New Delhi,Biryani,2.92
18450934,The Grillz & Gravy,Faridabad,"North Indian, Chinese",2.92
18273973,Little China,Noida,Chinese,2.91
18433295,Kujay's Spoon,Gurgaon,"North Indian, Mughlai, Chinese",2.91
307847,Annapurna,New Delhi,North Indian,2.91
18420694,Chawlas 2,New Delhi,"North Indian, Mughlai",2.91
18372324,Kasba,New Delhi,Chinese,2.91
18382355,Pizza Express,Faridabad,"Pizza, Fast Food",2.91
18375406,Lola's Cafe,Noida,"Cafe, Fast Food",2.91
18274402,Night Food Delivery,Noida,"North Indian, Chinese",2.91
18358165,Tandoori Theka,New Delhi,"Mughlai, North Indian",2.91
18423135,Gupta's Vegetarian Paradise,New Delhi,North Indian,2.91
18243438,Chaap Express,New Delhi,North Indian,2.91
7684,Shree Laxmi Dhaba,New Delhi,North Indian,2.91
308750,Adarsh Kulfi,Noida,Ice Cream,2.91
18354666,Cafe Brownie,New Delhi,"Cafe, Italian",2.91
18354644,Shree Bhojnalaya,New Delhi,North Indian,2.91
306653,Yadav Ji Chholey Bhature,New Delhi,Street Food,2.9
5470,Lala Da Shudh Vaishno Dhaba,New Delhi,North Indian,2.9
18268726,Gurgaon Mughlai Chicken,Gurgaon,"North Indian, Mughlai",2.9
18428215,Veer Jee,Noida,North Indian,2.9
18469936,U & I,Faridabad,"North Indian, Chinese",2.9
9116,Arora Pastry Palace,New Delhi,"Bakery, Fast Food",2.9
300788,Darbar Chicken Corner,New Delhi,"North Indian, Mughlai, Chinese",2.9
18163895,Cafe Coffee Day,New Delhi,Cafe,2.9
18423896,Kesarwa Bakez,Noida,Bakery,2.9
302002,ITO Ke Mashoor Chole Bhature,New Delhi,Street Food,2.9
18449798,Domino's Pizza,New Delhi,"Pizza, Fast Food",2.9
18332475,Second Home,Noida,"Chinese, North Indian",2.89
18382349,Rajwana Foods,Noida,"North Indian, Chinese",2.89
18354634,Sandwiches 'N' More,New Delhi,"Fast Food, Chinese",2.89
18331594,Da Pizza Zone,New Delhi,"Pizza, Fast Food",2.89
18489849,Standard Sweets,Noida,"Mithai, Street Food",2.89
18441537,Wich 'N' Shake,Noida,"Beverages, Fast Food",2.89
18418262,Goyal Sweets,New Delhi,"Mithai, Bakery",2.89
307974,Royal Spice Restaurant,Noida,"North Indian, Chinese",2.89
18454471,Kanha Ji Sweets & Restaurant,Noida,"Mithai, North Indian, Street Food",2.88
18449300,Delicacies,Noida,Bakery,2.88
18363058,J V's Fried Chicken,New Delhi,Fast Food,2.88
18464002,Hot Fork,Gurgaon,"Chinese, Fast Food",2.88
18383456,Giani,Noida,"Ice Cream, Desserts",2.88
18375383,The Deshi Bites,New Delhi,North Indian,2.88
18369764,Sahi Pakde Hain,New Delhi,"North Indian, Mughlai, Chinese",2.88
18376492,Cake Walkers,New Delhi,Bakery,2.88
18481273,Pak Afghan Restaurant,New Delhi,Afghani,2.88
8096,Hasty Tasty Fast Food,Noida,"North Indian, Chinese",2.87
18489651,The Night Rider,New Delhi,"North Indian, Chinese",2.87
18433909,Chaska Food Hut,Noida,"North Indian, Chinese",2.86
18383031,Kesarwa Bakez,Noida,Bakery,2.86
18376478,New Lazeez Tandoor,New Delhi,"North Indian, Chinese",2.86
310755,Green Vally Chiiness Food,Noida,Chinese,2.85
18377925,Spice Affair,Noida,"North Indian, Chinese",2.85
18385532,Choicest Cakes,Noida,Bakery,2.84
18440423,Baskin Robbins,Noida,Ice Cream,2.84
18500618,Veg. Darbar,New Delhi,"North Indian, Chinese",2.84
18499450,Veg Darbar - The Royal Taste,New Delhi,"North Indian, Chinese",2.84
18381676,Prerna Family Restaurant,Noida,"North Indian, Chinese",2.84
18481296,Whatslife.in,Noida,"North Indian, Chinese",2.83
312935,Essen Foods,Noida,"North Indian, Mughlai, Chinese",2.83
18382335,Raghav Ki Rasoi,Noida,"North Indian, Chinese",2.83
18323684,The Big Chefs,Noida,"North Indian, Chinese",2.82
18444299,HSI Food World,Gurgaon,"North Indian, Chinese",2.79
18311953,Lemon Chick,New Delhi,North Indian,2.79
18424173,Ahmed's,Noida,Mughlai,2.77
18410832,Urban Express,Noida,North Indian,2.77
18435308,Chacha Food Street,Noida,"North Indian, Chinese",2.76
313415,Royale Bakers,Noida,"Bakery, Fast Food, Desserts",2.73
18393815,Pizza Key,Noida,"Pizza, Fast Food",2.71
18481291,Whatslife.in,Noida,"North Indian, Chinese",2.7
310762,The Cake Shop,Noida,Bakery,2.7
18424175,Mittal Bikaneri Sweets,Noida,"Mithai, Street Food",2.69
18354978,Domino's Pizza,Noida,"Pizza, Fast Food",2.69
18219528,Chination,Noida,Chinese,2.67
